user_id,signup_date,city_tier,age_band,acquisition_channel
1,22-02-2025,Tier3,35-44,referral
2,28-05-2024,Tier1,45-54,organic
3,13-04-2024,Tier3,55+,organic
4,15-04-2025,Tier1,18-24,organic
5,19-08-2024,Tier2,25-34,organic
6,04-08-2024,Tier1,25-34,organic
7,24-07-2024,Tier3,25-34,organic
8,11-06-2024,Tier1,18-24,paid_ads
9,13-04-2025,Tier3,45-54,paid_ads
10,23-05-2024,Tier1,25-34,referral
11,13-03-2025,Tier1,55+,organic
12,15-04-2025,Tier3,25-34,organic
13,01-07-2025,Tier1,45-54,paid_ads
14,05-01-2025,Tier3,55+,referral
15,15-05-2024,Tier1,25-34,organic
16,28-01-2025,Tier2,25-34,paid_ads
17,03-11-2024,Tier2,45-54,organic
18,17-04-2024,Tier3,18-24,referral
19,16-04-2024,Tier2,35-44,referral
20,18-05-2024,Tier1,18-24,organic
21,21-07-2024,Tier2,18-24,organic
22,29-07-2024,Tier2,35-44,referral
23,15-12-2024,Tier1,35-44,organic
24,03-02-2025,Tier2,25-34,referral
25,14-04-2024,Tier2,18-24,organic
26,13-01-2025,Tier2,25-34,organic
27,11-07-2024,Tier1,45-54,organic
28,02-04-2025,Tier1,18-24,organic
29,27-02-2025,Tier3,45-54,referral
30,26-03-2025,Tier1,25-34,paid_ads
31,05-01-2025,Tier3,18-24,organic
32,01-11-2024,Tier2,45-54,paid_ads
33,22-07-2024,Tier1,18-24,organic
34,16-11-2024,Tier1,,paid_ads
35,27-01-2025,Tier3,55+,organic
36,21-08-2024,Tier2,25-34,referral
37,20-05-2025,Tier1,25-34,referral
38,20-06-2025,Tier1,18-24,paid_ads
39,04-04-2024,Tier1,18-24,paid_ads
40,24-04-2025,Tier3,35-44,organic
41,18-05-2025,Tier2,25-34,referral
42,21-06-2024,Tier2,18-24,organic
43,24-03-2025,Tier2,18-24,referral
44,03-11-2024,Tier1,18-24,referral
45,22-09-2024,,18-24,paid_ads
46,21-08-2024,Tier1,45-54,paid_ads
47,19-06-2024,Tier3,35-44,paid_ads
48,20-07-2024,,45-54,organic
49,26-04-2025,Tier2,25-34,organic
50,20-09-2024,Tier3,45-54,paid_ads
51,23-05-2024,Tier1,45-54,organic
52,18-05-2024,Tier1,35-44,organic
53,12-10-2024,Tier1,35-44,referral
54,20-05-2024,Tier1,18-24,paid_ads
55,01-10-2024,Tier3,45-54,referral
56,08-06-2025,Tier2,25-34,organic
57,24-09-2024,Tier1,25-34,paid_ads
58,04-02-2025,Tier2,25-34,referral
59,14-08-2024,Tier2,35-44,organic
60,19-05-2025,Tier1,18-24,referral
61,23-04-2024,Tier3,25-34,paid_ads
62,09-04-2025,Tier3,55+,organic
63,22-11-2024,Tier3,25-34,organic
64,31-12-2024,Tier1,35-44,organic
65,03-06-2024,Tier3,18-24,referral
66,17-07-2025,Tier3,25-34,organic
67,11-10-2024,Tier2,35-44,referral
68,11-05-2024,Tier2,45-54,paid_ads
69,08-01-2025,Tier3,,referral
70,29-08-2024,Tier2,45-54,referral
71,30-05-2025,Tier1,18-24,organic
72,16-02-2025,Tier1,25-34,paid_ads
73,11-02-2025,Tier2,18-24,organic
74,28-06-2025,Tier1,25-34,organic
75,16-06-2025,Tier1,18-24,referral
76,03-10-2024,Tier1,35-44,referral
77,21-01-2025,,25-34,paid_ads
78,08-07-2024,,18-24,organic
79,27-03-2025,Tier3,35-44,paid_ads
80,06-05-2024,Tier1,25-34,organic
81,24-04-2024,Tier3,25-34,referral
82,05-03-2025,Tier3,35-44,referral
83,26-07-2024,Tier1,45-54,organic
84,01-05-2025,Tier1,18-24,organic
85,27-08-2024,Tier2,18-24,referral
86,11-05-2024,Tier2,25-34,organic
87,12-06-2025,Tier2,18-24,referral
88,29-07-2024,Tier2,45-54,referral
89,18-06-2025,Tier1,35-44,organic
90,22-05-2024,Tier2,35-44,paid_ads
91,12-10-2024,Tier2,25-34,referral
92,21-08-2024,Tier2,55+,paid_ads
93,19-11-2024,Tier1,18-24,organic
94,20-02-2025,Tier2,25-34,organic
95,02-06-2025,Tier1,25-34,paid_ads
96,04-10-2024,Tier2,45-54,referral
97,23-06-2024,Tier3,,organic
98,07-10-2024,Tier2,25-34,paid_ads
99,29-09-2024,Tier3,55+,organic
100,17-07-2024,Tier1,45-54,referral
101,10-03-2025,Tier3,45-54,referral
102,15-08-2024,Tier3,18-24,organic
103,26-03-2025,Tier1,55+,organic
104,24-07-2025,Tier2,25-34,referral
105,16-03-2025,Tier2,45-54,referral
106,26-02-2025,Tier2,25-34,organic
107,07-05-2024,Tier1,45-54,organic
108,06-02-2025,Tier1,45-54,organic
109,20-02-2025,Tier1,35-44,organic
110,27-06-2024,Tier2,18-24,referral
111,30-12-2024,Tier3,25-34,organic
112,09-04-2025,Tier3,45-54,paid_ads
113,04-08-2024,Tier1,,referral
114,23-06-2024,Tier3,25-34,organic
115,23-11-2024,Tier1,18-24,organic
116,12-10-2024,Tier2,35-44,referral
117,17-08-2024,Tier2,,organic
118,18-07-2025,Tier3,55+,organic
119,22-02-2025,Tier3,55+,referral
120,19-03-2025,Tier2,25-34,paid_ads
121,11-01-2025,Tier3,35-44,paid_ads
122,22-07-2024,Tier3,25-34,organic
123,17-03-2025,Tier3,35-44,referral
124,14-09-2024,Tier1,25-34,referral
125,06-06-2025,Tier1,55+,paid_ads
126,29-04-2025,Tier2,45-54,referral
127,03-05-2025,Tier1,45-54,paid_ads
128,29-04-2024,Tier3,25-34,referral
129,27-07-2024,Tier3,18-24,organic
130,26-05-2025,Tier3,18-24,paid_ads
131,17-04-2024,Tier2,45-54,paid_ads
132,18-05-2025,Tier1,25-34,organic
133,09-09-2024,Tier3,,paid_ads
134,23-10-2024,Tier2,55+,referral
135,16-08-2024,Tier1,18-24,referral
136,04-05-2024,Tier2,35-44,organic
137,18-07-2024,Tier2,35-44,organic
138,12-07-2025,Tier3,45-54,referral
139,27-07-2025,Tier2,25-34,paid_ads
140,16-01-2025,Tier1,35-44,referral
141,23-06-2025,Tier1,18-24,organic
142,03-04-2025,Tier2,25-34,organic
143,09-09-2024,Tier2,45-54,referral
144,18-07-2024,Tier2,55+,paid_ads
145,02-03-2025,Tier3,25-34,referral
146,12-12-2024,Tier3,25-34,referral
147,20-10-2024,Tier1,18-24,organic
148,27-06-2025,,35-44,organic
149,13-07-2025,Tier2,25-34,paid_ads
150,24-02-2025,Tier1,18-24,organic
151,21-11-2024,,18-24,organic
152,13-06-2024,Tier1,25-34,organic
153,14-08-2024,Tier3,45-54,organic
154,11-06-2024,Tier1,55+,paid_ads
155,05-08-2024,Tier1,35-44,paid_ads
156,17-04-2025,Tier1,25-34,organic
157,13-01-2025,Tier2,35-44,paid_ads
158,01-01-2025,Tier1,45-54,referral
159,13-08-2024,Tier2,25-34,organic
160,18-04-2025,Tier1,25-34,organic
161,25-01-2025,Tier1,25-34,organic
162,06-11-2024,Tier3,35-44,referral
163,04-07-2025,Tier1,25-34,organic
164,24-01-2025,Tier3,18-24,referral
165,22-10-2024,Tier2,35-44,referral
166,03-10-2024,Tier3,18-24,referral
167,22-07-2024,Tier1,18-24,organic
168,10-06-2024,Tier2,45-54,organic
169,17-12-2024,Tier1,55+,organic
170,09-12-2024,Tier1,45-54,paid_ads
171,17-05-2024,Tier1,35-44,organic
172,22-04-2025,Tier2,25-34,referral
173,25-04-2024,Tier1,25-34,organic
174,15-06-2025,Tier1,35-44,organic
175,27-05-2024,Tier2,25-34,organic
176,18-06-2024,Tier1,18-24,organic
177,16-02-2025,Tier3,45-54,organic
178,21-06-2024,Tier3,35-44,referral
179,11-05-2025,Tier2,55+,organic
180,15-03-2025,Tier3,35-44,organic
181,03-11-2024,,35-44,organic
182,31-01-2025,Tier3,45-54,organic
183,03-05-2024,Tier1,45-54,organic
184,15-10-2024,Tier2,45-54,referral
185,13-10-2024,Tier3,25-34,organic
186,31-01-2025,Tier2,25-34,referral
187,26-11-2024,Tier3,25-34,organic
188,27-12-2024,Tier2,55+,organic
189,07-08-2024,Tier2,45-54,organic
190,09-01-2025,Tier2,45-54,paid_ads
191,15-06-2025,Tier2,35-44,organic
192,27-07-2025,Tier2,45-54,referral
193,06-04-2024,Tier3,45-54,organic
194,15-03-2025,Tier1,18-24,referral
195,05-04-2025,Tier3,35-44,referral
196,29-05-2024,Tier2,25-34,organic
197,16-03-2025,Tier3,25-34,referral
198,28-06-2025,,35-44,organic
199,31-12-2024,Tier2,,organic
200,20-04-2025,Tier2,55+,referral
201,15-08-2024,Tier1,35-44,paid_ads
202,29-04-2025,Tier3,55+,paid_ads
203,23-02-2025,Tier1,45-54,paid_ads
204,22-09-2024,,25-34,paid_ads
205,28-05-2024,Tier2,25-34,organic
206,29-08-2024,Tier1,25-34,organic
207,09-11-2024,Tier3,25-34,organic
208,20-06-2024,Tier2,25-34,organic
209,19-11-2024,Tier1,25-34,referral
210,02-04-2024,Tier2,35-44,referral
211,02-08-2025,Tier2,55+,organic
212,05-04-2025,Tier1,55+,organic
213,23-06-2025,Tier2,35-44,organic
214,04-04-2025,Tier3,18-24,organic
215,13-08-2024,Tier1,18-24,referral
216,13-12-2024,Tier1,25-34,referral
217,26-04-2025,Tier2,18-24,organic
218,01-07-2024,Tier3,25-34,organic
219,16-12-2024,Tier2,18-24,organic
220,12-07-2025,Tier3,18-24,organic
221,25-05-2024,Tier3,18-24,organic
222,20-06-2025,Tier1,18-24,referral
223,15-02-2025,Tier1,45-54,referral
224,31-08-2024,Tier1,18-24,referral
225,05-06-2025,Tier3,18-24,organic
226,22-02-2025,Tier1,35-44,organic
227,16-12-2024,Tier3,25-34,paid_ads
228,06-02-2025,Tier2,25-34,referral
229,11-07-2024,Tier2,25-34,paid_ads
230,18-06-2024,Tier3,18-24,referral
231,09-10-2024,Tier1,45-54,paid_ads
232,26-04-2025,Tier1,25-34,organic
233,22-06-2024,Tier2,45-54,organic
234,02-01-2025,Tier2,25-34,organic
235,02-08-2025,,35-44,organic
236,04-05-2025,Tier2,45-54,referral
237,17-07-2025,Tier1,55+,organic
238,28-12-2024,Tier2,35-44,referral
239,15-07-2025,Tier3,25-34,organic
240,01-04-2024,Tier1,35-44,organic
241,01-02-2025,Tier2,25-34,organic
242,13-09-2024,Tier2,25-34,referral
243,07-12-2024,Tier2,55+,paid_ads
244,10-04-2024,Tier1,25-34,organic
245,28-05-2024,Tier1,35-44,paid_ads
246,20-07-2025,Tier3,18-24,organic
247,03-10-2024,Tier2,25-34,paid_ads
248,24-06-2025,Tier3,35-44,referral
249,31-05-2025,Tier2,18-24,organic
250,19-05-2025,Tier1,25-34,paid_ads
251,05-09-2024,Tier2,35-44,paid_ads
252,01-08-2024,Tier2,45-54,referral
253,30-04-2024,Tier2,55+,organic
254,02-08-2024,Tier1,55+,referral
255,24-06-2025,Tier2,18-24,paid_ads
256,16-01-2025,Tier2,55+,paid_ads
257,29-07-2025,Tier2,45-54,paid_ads
258,11-05-2024,Tier3,,organic
259,14-05-2024,Tier1,35-44,organic
260,10-04-2025,Tier3,25-34,organic
261,05-12-2024,Tier3,35-44,organic
262,23-05-2025,Tier2,18-24,organic
263,06-05-2024,Tier1,25-34,paid_ads
264,25-04-2025,Tier3,25-34,paid_ads
265,29-12-2024,Tier1,35-44,referral
266,28-04-2025,Tier3,25-34,referral
267,04-06-2024,Tier3,18-24,organic
268,05-06-2024,Tier2,18-24,organic
269,04-03-2025,Tier1,25-34,paid_ads
270,30-11-2024,Tier3,55+,organic
271,29-07-2025,Tier1,45-54,organic
272,07-01-2025,Tier2,18-24,referral
273,24-06-2024,Tier1,35-44,paid_ads
274,14-08-2024,Tier2,18-24,organic
275,27-12-2024,Tier1,25-34,referral
276,21-06-2025,Tier3,55+,paid_ads
277,05-02-2025,Tier1,45-54,organic
278,03-11-2024,Tier1,18-24,paid_ads
279,18-07-2024,Tier2,35-44,referral
280,20-07-2025,Tier3,18-24,organic
281,02-01-2025,Tier3,45-54,paid_ads
282,22-04-2025,Tier2,25-34,organic
283,09-04-2025,Tier2,25-34,referral
284,20-03-2025,Tier1,18-24,referral
285,12-07-2024,Tier1,35-44,referral
286,01-04-2025,Tier1,35-44,referral
287,07-09-2024,Tier3,35-44,referral
288,22-10-2024,Tier3,45-54,referral
289,10-03-2025,Tier3,45-54,paid_ads
290,27-02-2025,Tier3,18-24,paid_ads
291,09-10-2024,Tier1,,organic
292,11-11-2024,Tier3,25-34,paid_ads
293,05-07-2025,Tier1,55+,referral
294,21-12-2024,Tier2,25-34,paid_ads
295,18-11-2024,Tier1,25-34,referral
296,01-06-2024,Tier2,55+,referral
297,05-08-2024,Tier3,18-24,referral
298,25-07-2024,Tier3,35-44,organic
299,03-05-2024,Tier2,45-54,organic
300,21-09-2024,Tier3,18-24,referral
301,11-04-2024,,25-34,organic
302,27-01-2025,Tier3,25-34,referral
303,09-01-2025,Tier3,25-34,organic
304,27-07-2024,Tier3,18-24,referral
305,27-01-2025,Tier2,25-34,referral
306,22-07-2024,Tier1,55+,organic
307,04-04-2024,Tier2,25-34,organic
308,07-05-2024,Tier2,18-24,paid_ads
309,29-03-2025,Tier1,25-34,referral
310,18-02-2025,Tier1,18-24,paid_ads
311,01-05-2024,Tier2,45-54,referral
312,27-07-2024,Tier2,18-24,organic
313,05-05-2024,Tier2,25-34,referral
314,08-07-2025,Tier1,25-34,referral
315,17-04-2024,Tier2,35-44,organic
316,15-06-2025,Tier3,,organic
317,17-09-2024,Tier1,25-34,organic
318,07-05-2024,Tier2,45-54,paid_ads
319,20-12-2024,Tier1,18-24,referral
320,31-07-2024,Tier3,25-34,organic
321,21-08-2024,Tier3,18-24,paid_ads
322,09-03-2025,Tier2,25-34,organic
323,05-12-2024,Tier1,18-24,organic
324,19-07-2024,Tier3,18-24,paid_ads
325,02-01-2025,Tier1,35-44,referral
326,07-06-2024,Tier3,25-34,organic
327,06-04-2025,Tier3,45-54,paid_ads
328,23-07-2025,Tier3,45-54,organic
329,26-06-2025,Tier3,35-44,referral
330,18-01-2025,Tier3,18-24,organic
331,21-01-2025,Tier1,18-24,paid_ads
332,29-11-2024,Tier2,45-54,organic
333,03-08-2024,Tier2,35-44,paid_ads
334,07-05-2025,Tier3,35-44,paid_ads
335,29-11-2024,Tier3,18-24,organic
336,19-05-2025,Tier2,35-44,paid_ads
337,26-10-2024,Tier2,25-34,referral
338,07-07-2024,Tier1,,paid_ads
339,19-05-2024,Tier3,45-54,referral
340,20-05-2024,Tier2,35-44,organic
341,04-03-2025,Tier1,35-44,referral
342,07-11-2024,,55+,paid_ads
343,29-09-2024,Tier1,18-24,paid_ads
344,03-11-2024,Tier1,45-54,organic
345,28-10-2024,Tier2,35-44,organic
346,26-11-2024,Tier2,25-34,paid_ads
347,17-06-2025,Tier2,18-24,paid_ads
348,09-04-2025,Tier2,18-24,organic
349,28-04-2024,Tier2,45-54,organic
350,11-03-2025,Tier1,35-44,referral
351,01-03-2025,Tier1,35-44,organic
352,25-02-2025,Tier2,45-54,paid_ads
353,21-05-2024,Tier3,18-24,organic
354,02-05-2024,Tier1,55+,referral
355,24-10-2024,Tier1,55+,referral
356,08-04-2025,Tier2,18-24,organic
357,21-09-2024,Tier3,55+,organic
358,15-05-2025,Tier3,25-34,paid_ads
359,16-06-2025,Tier3,18-24,organic
360,26-05-2024,Tier3,35-44,organic
361,06-08-2024,Tier1,25-34,referral
362,08-07-2024,Tier1,45-54,referral
363,07-07-2024,Tier3,35-44,referral
364,31-12-2024,Tier2,55+,organic
365,16-11-2024,Tier3,,organic
366,11-06-2024,Tier3,35-44,organic
367,03-11-2024,Tier1,25-34,paid_ads
368,03-07-2024,Tier2,35-44,referral
369,21-08-2024,Tier1,35-44,organic
370,23-11-2024,Tier2,25-34,referral
371,06-08-2024,Tier1,18-24,referral
372,22-06-2025,Tier2,35-44,organic
373,17-07-2025,Tier2,25-34,organic
374,09-05-2024,Tier1,35-44,referral
375,13-11-2024,Tier2,45-54,referral
376,19-05-2025,Tier2,25-34,organic
377,16-06-2025,Tier2,25-34,referral
378,13-06-2025,Tier3,35-44,paid_ads
379,07-01-2025,,18-24,organic
380,21-05-2024,Tier3,55+,organic
381,26-04-2024,Tier3,18-24,organic
382,28-02-2025,Tier2,25-34,organic
383,02-01-2025,,35-44,organic
384,03-06-2025,Tier2,18-24,referral
385,08-04-2024,Tier3,25-34,organic
386,18-05-2024,Tier1,25-34,paid_ads
387,19-07-2025,,35-44,paid_ads
388,21-04-2025,Tier2,35-44,paid_ads
389,09-06-2025,Tier3,18-24,organic
390,31-07-2024,Tier2,,paid_ads
391,25-06-2024,Tier1,25-34,referral
392,26-10-2024,Tier1,18-24,referral
393,05-12-2024,Tier2,18-24,paid_ads
394,03-12-2024,Tier3,18-24,organic
395,19-07-2024,Tier2,,referral
396,17-06-2025,Tier2,25-34,referral
397,23-10-2024,Tier1,25-34,referral
398,07-07-2025,Tier3,55+,referral
399,01-05-2024,Tier1,35-44,referral
400,24-06-2024,Tier1,45-54,organic
401,12-10-2024,Tier2,25-34,organic
402,02-04-2024,Tier1,45-54,organic
403,17-10-2024,,35-44,paid_ads
404,14-08-2024,Tier2,35-44,organic
405,19-07-2025,Tier3,35-44,referral
406,07-05-2025,Tier1,55+,referral
407,07-05-2025,,25-34,organic
408,19-11-2024,Tier1,25-34,referral
409,25-08-2024,Tier3,18-24,paid_ads
410,03-11-2024,Tier1,55+,paid_ads
411,23-03-2025,Tier3,35-44,referral
412,10-04-2025,Tier2,45-54,organic
413,07-05-2025,Tier2,25-34,organic
414,10-01-2025,Tier2,55+,organic
415,05-03-2025,Tier2,25-34,referral
416,03-04-2025,Tier2,25-34,paid_ads
417,06-12-2024,Tier3,55+,organic
418,19-06-2024,Tier2,45-54,organic
419,07-07-2024,Tier2,25-34,referral
420,30-08-2024,Tier1,35-44,organic
421,21-07-2024,,45-54,referral
422,30-04-2024,Tier3,25-34,paid_ads
423,22-01-2025,Tier3,25-34,organic
424,12-04-2025,Tier1,18-24,organic
425,03-01-2025,Tier1,25-34,paid_ads
426,02-05-2024,Tier2,25-34,organic
427,18-04-2025,Tier1,18-24,referral
428,08-09-2024,Tier3,18-24,organic
429,30-04-2024,Tier1,55+,organic
430,26-04-2024,Tier2,18-24,paid_ads
431,25-01-2025,Tier1,18-24,organic
432,01-12-2024,Tier1,55+,paid_ads
433,14-12-2024,Tier2,35-44,organic
434,15-07-2025,Tier2,45-54,organic
435,11-06-2025,Tier1,25-34,organic
436,28-12-2024,Tier2,18-24,referral
437,20-06-2024,Tier2,25-34,organic
438,30-04-2024,Tier1,18-24,referral
439,17-12-2024,Tier1,,paid_ads
440,12-05-2024,Tier2,25-34,organic
441,10-06-2025,Tier3,25-34,organic
442,05-07-2024,Tier2,25-34,referral
443,06-05-2024,Tier2,45-54,referral
444,30-01-2025,Tier3,25-34,referral
445,05-05-2024,Tier2,45-54,organic
446,12-03-2025,Tier3,35-44,referral
447,16-06-2025,Tier3,35-44,paid_ads
448,30-07-2024,Tier1,35-44,organic
449,24-10-2024,Tier3,18-24,organic
450,01-06-2024,Tier1,18-24,organic
451,27-07-2025,Tier3,25-34,organic
452,30-06-2025,Tier3,18-24,referral
453,17-01-2025,Tier1,45-54,referral
454,05-08-2024,Tier1,55+,organic
455,22-01-2025,,25-34,referral
456,30-01-2025,Tier1,45-54,referral
457,21-04-2024,Tier2,55+,organic
458,12-02-2025,Tier1,35-44,paid_ads
459,12-05-2024,Tier3,35-44,paid_ads
460,01-11-2024,Tier1,18-24,paid_ads
461,03-03-2025,Tier2,35-44,organic
462,24-01-2025,Tier1,18-24,organic
463,15-01-2025,Tier2,45-54,organic
464,24-12-2024,Tier2,25-34,paid_ads
465,09-09-2024,Tier1,35-44,paid_ads
466,23-07-2025,Tier2,25-34,organic
467,12-08-2024,Tier3,18-24,organic
468,14-07-2024,Tier2,18-24,paid_ads
469,09-03-2025,Tier3,25-34,referral
470,02-04-2025,Tier2,35-44,organic
471,08-09-2024,Tier3,45-54,paid_ads
472,01-08-2024,Tier2,18-24,organic
473,14-08-2024,Tier3,25-34,organic
474,20-10-2024,Tier1,35-44,referral
475,07-06-2024,Tier1,45-54,referral
476,10-03-2025,Tier1,18-24,paid_ads
477,25-02-2025,Tier1,25-34,paid_ads
478,01-09-2024,,45-54,organic
479,21-11-2024,Tier2,35-44,organic
480,09-09-2024,Tier2,25-34,organic
481,20-07-2025,Tier1,25-34,paid_ads
482,20-04-2025,Tier1,25-34,referral
483,24-07-2025,Tier1,35-44,paid_ads
484,08-05-2024,Tier2,45-54,paid_ads
485,05-04-2024,Tier3,18-24,referral
486,21-11-2024,Tier1,35-44,referral
487,13-02-2025,Tier1,18-24,organic
488,14-01-2025,Tier2,18-24,organic
489,22-05-2024,Tier3,55+,paid_ads
490,08-05-2024,Tier2,45-54,paid_ads
491,01-01-2025,Tier1,25-34,paid_ads
492,19-07-2024,Tier2,25-34,organic
493,16-12-2024,Tier1,45-54,organic
494,14-08-2024,Tier2,55+,organic
495,07-06-2024,Tier2,45-54,paid_ads
496,22-07-2025,Tier3,25-34,referral
497,26-09-2024,Tier1,25-34,referral
498,26-06-2025,Tier3,18-24,referral
499,06-05-2024,Tier1,35-44,paid_ads
500,25-06-2025,Tier1,25-34,organic
501,04-08-2024,Tier1,18-24,paid_ads
502,07-10-2024,Tier3,45-54,organic
503,24-08-2024,Tier1,18-24,organic
504,20-06-2024,Tier1,25-34,referral
505,11-11-2024,Tier3,35-44,organic
506,01-06-2025,Tier2,18-24,paid_ads
507,04-01-2025,Tier2,55+,referral
508,27-03-2025,Tier3,35-44,organic
509,02-09-2024,Tier3,25-34,referral
510,08-02-2025,Tier1,25-34,organic
511,19-05-2025,Tier2,18-24,referral
512,01-03-2025,Tier2,35-44,organic
513,27-12-2024,Tier1,25-34,referral
514,05-04-2024,Tier3,35-44,paid_ads
515,08-03-2025,Tier2,25-34,referral
516,24-05-2025,Tier1,25-34,paid_ads
517,09-01-2025,Tier2,25-34,organic
518,01-09-2024,Tier2,25-34,referral
519,22-07-2025,Tier3,,paid_ads
520,06-03-2025,Tier2,45-54,paid_ads
521,24-05-2024,Tier1,55+,referral
522,25-07-2025,Tier2,35-44,organic
523,24-06-2025,Tier1,55+,referral
524,08-06-2024,Tier2,45-54,organic
525,14-08-2024,Tier2,25-34,paid_ads
526,30-05-2024,Tier2,35-44,organic
527,30-06-2025,Tier1,55+,paid_ads
528,25-05-2024,Tier3,,organic
529,16-04-2025,Tier3,18-24,referral
530,09-01-2025,Tier2,45-54,organic
531,19-06-2024,Tier1,25-34,paid_ads
532,18-08-2024,Tier3,18-24,referral
533,23-08-2024,Tier1,18-24,organic
534,04-02-2025,Tier2,45-54,paid_ads
535,17-07-2024,Tier2,45-54,organic
536,03-04-2025,Tier1,25-34,referral
537,23-09-2024,Tier3,25-34,referral
538,14-07-2024,Tier3,18-24,organic
539,18-03-2025,Tier3,18-24,organic
540,19-02-2025,Tier1,35-44,referral
541,11-06-2025,Tier2,,referral
542,14-08-2024,Tier3,18-24,referral
543,15-12-2024,Tier2,18-24,paid_ads
544,07-12-2024,Tier3,45-54,organic
545,07-08-2024,Tier2,25-34,referral
546,08-07-2025,Tier1,25-34,organic
547,09-07-2025,Tier3,45-54,paid_ads
548,08-06-2025,Tier2,55+,organic
549,27-04-2024,Tier2,25-34,organic
550,18-05-2024,Tier3,25-34,referral
551,19-02-2025,Tier1,18-24,organic
552,03-11-2024,Tier3,45-54,organic
553,30-05-2025,Tier3,45-54,referral
554,20-08-2024,Tier3,25-34,referral
555,23-04-2024,Tier1,18-24,paid_ads
556,02-04-2024,Tier2,,organic
557,18-09-2024,Tier1,35-44,organic
558,30-04-2025,Tier2,18-24,referral
559,06-06-2024,Tier3,35-44,referral
560,21-02-2025,Tier1,18-24,organic
561,13-08-2024,Tier1,55+,referral
562,22-06-2024,Tier1,45-54,organic
563,15-04-2025,Tier1,55+,organic
564,13-11-2024,Tier3,35-44,paid_ads
565,08-01-2025,Tier2,25-34,organic
566,28-03-2025,Tier2,25-34,paid_ads
567,05-11-2024,Tier2,35-44,paid_ads
568,13-01-2025,Tier2,25-34,organic
569,05-04-2024,Tier3,35-44,paid_ads
570,28-05-2024,Tier2,18-24,paid_ads
571,09-05-2024,Tier2,18-24,referral
572,28-07-2025,Tier1,25-34,paid_ads
573,27-06-2025,Tier1,25-34,referral
574,20-03-2025,Tier2,18-24,organic
575,07-07-2025,Tier1,25-34,organic
576,16-06-2024,Tier2,25-34,referral
577,05-01-2025,Tier2,35-44,organic
578,19-04-2024,Tier1,45-54,referral
579,02-06-2025,,18-24,paid_ads
580,07-10-2024,,25-34,organic
581,24-01-2025,Tier3,25-34,referral
582,08-01-2025,Tier3,,paid_ads
583,15-06-2024,Tier1,18-24,organic
584,07-11-2024,Tier3,25-34,organic
585,05-06-2024,Tier2,25-34,organic
586,22-04-2024,Tier1,25-34,organic
587,05-09-2024,Tier3,25-34,referral
588,04-10-2024,Tier1,55+,paid_ads
589,05-07-2025,Tier3,18-24,paid_ads
590,22-07-2025,Tier1,18-24,referral
591,13-05-2025,Tier1,25-34,organic
592,15-06-2025,Tier1,35-44,organic
593,21-04-2024,Tier3,45-54,referral
594,05-07-2025,Tier2,25-34,paid_ads
595,01-10-2024,Tier3,45-54,organic
596,17-07-2024,Tier3,25-34,paid_ads
597,16-03-2025,Tier2,35-44,organic
598,06-08-2024,Tier3,18-24,referral
599,08-03-2025,Tier1,25-34,paid_ads
600,23-05-2024,Tier1,35-44,referral
601,29-09-2024,Tier1,25-34,organic
602,05-05-2025,Tier2,18-24,referral
603,12-01-2025,Tier2,18-24,referral
604,27-06-2025,Tier1,55+,referral
605,22-06-2025,Tier1,25-34,organic
606,26-10-2024,Tier1,25-34,referral
607,12-02-2025,Tier3,55+,organic
608,19-04-2025,Tier3,45-54,referral
609,19-06-2024,Tier2,25-34,paid_ads
610,18-07-2025,Tier2,18-24,referral
611,21-07-2025,Tier2,45-54,paid_ads
612,31-07-2024,Tier2,18-24,organic
613,17-06-2025,Tier1,55+,organic
614,23-06-2024,Tier2,18-24,paid_ads
615,15-05-2025,Tier2,25-34,referral
616,21-05-2025,Tier3,35-44,referral
617,30-06-2024,Tier1,18-24,referral
618,26-06-2025,Tier2,55+,organic
619,29-10-2024,,45-54,referral
620,13-04-2024,Tier2,45-54,organic
621,01-07-2024,Tier3,,paid_ads
622,13-04-2025,Tier3,45-54,referral
623,18-07-2025,Tier2,18-24,organic
624,18-09-2024,Tier1,25-34,referral
625,06-05-2025,Tier3,25-34,paid_ads
626,21-07-2025,Tier2,55+,referral
627,28-10-2024,,25-34,paid_ads
628,16-05-2025,Tier3,45-54,organic
629,09-03-2025,Tier2,55+,referral
630,17-06-2025,Tier1,35-44,referral
631,12-04-2025,Tier1,25-34,organic
632,21-05-2025,Tier1,55+,organic
633,06-08-2024,Tier3,45-54,referral
634,15-08-2024,Tier1,45-54,referral
635,21-06-2024,Tier1,45-54,paid_ads
636,09-05-2025,Tier3,35-44,paid_ads
637,26-03-2025,Tier1,25-34,organic
638,26-05-2024,Tier1,18-24,organic
639,13-10-2024,Tier3,55+,organic
640,21-06-2025,Tier2,25-34,organic
641,20-04-2024,Tier2,18-24,organic
642,14-06-2025,Tier2,25-34,organic
643,27-11-2024,Tier3,55+,organic
644,23-07-2024,Tier2,35-44,organic
645,12-07-2024,Tier2,35-44,organic
646,24-05-2025,Tier3,25-34,referral
647,15-07-2025,Tier2,35-44,organic
648,22-11-2024,Tier3,45-54,paid_ads
649,27-09-2024,Tier2,45-54,organic
650,04-09-2024,Tier2,18-24,organic
651,26-05-2025,Tier1,25-34,paid_ads
652,13-05-2025,Tier1,25-34,organic
653,21-06-2025,Tier1,18-24,paid_ads
654,26-07-2024,Tier3,18-24,organic
655,24-07-2024,Tier2,25-34,paid_ads
656,13-04-2024,Tier3,55+,organic
657,04-03-2025,Tier3,35-44,organic
658,08-07-2024,Tier2,35-44,referral
659,22-10-2024,Tier1,35-44,referral
660,16-09-2024,Tier3,35-44,paid_ads
661,21-08-2024,Tier1,35-44,referral
662,17-06-2025,Tier1,25-34,paid_ads
663,06-05-2024,Tier2,25-34,organic
664,01-05-2025,Tier1,25-34,referral
665,21-08-2024,Tier3,35-44,organic
666,27-09-2024,Tier3,35-44,organic
667,23-02-2025,Tier2,35-44,organic
668,17-12-2024,Tier2,25-34,paid_ads
669,22-10-2024,Tier1,25-34,paid_ads
670,14-03-2025,Tier1,25-34,organic
671,06-06-2025,Tier3,25-34,organic
672,31-12-2024,,25-34,organic
673,17-09-2024,Tier2,35-44,referral
674,25-07-2025,Tier1,25-34,paid_ads
675,15-04-2024,Tier2,45-54,paid_ads
676,30-05-2024,Tier3,18-24,organic
677,24-06-2025,Tier2,25-34,organic
678,12-08-2024,Tier1,25-34,referral
679,01-07-2024,,25-34,organic
680,23-01-2025,Tier3,18-24,paid_ads
681,14-08-2024,Tier2,25-34,referral
682,20-04-2024,,18-24,organic
683,26-05-2024,Tier2,25-34,referral
684,31-01-2025,Tier3,45-54,paid_ads
685,09-11-2024,Tier2,18-24,paid_ads
686,24-09-2024,Tier1,18-24,organic
687,09-04-2025,Tier3,18-24,paid_ads
688,08-05-2025,Tier2,35-44,organic
689,08-09-2024,Tier2,25-34,paid_ads
690,10-11-2024,Tier3,18-24,referral
691,05-02-2025,Tier1,25-34,referral
692,18-12-2024,Tier3,18-24,referral
693,30-05-2024,Tier3,25-34,organic
694,15-10-2024,Tier1,25-34,referral
695,05-07-2025,Tier1,18-24,organic
696,21-01-2025,Tier2,45-54,paid_ads
697,07-07-2024,Tier1,18-24,paid_ads
698,09-08-2024,Tier3,55+,referral
699,23-04-2024,Tier2,35-44,referral
700,29-03-2025,Tier2,18-24,paid_ads
701,10-11-2024,Tier3,55+,paid_ads
702,01-04-2024,Tier3,18-24,referral
703,23-12-2024,Tier3,35-44,organic
704,18-07-2025,Tier1,45-54,paid_ads
705,18-05-2025,Tier1,25-34,organic
706,01-01-2025,Tier1,18-24,referral
707,18-03-2025,Tier3,18-24,referral
708,04-04-2025,Tier1,35-44,referral
709,26-07-2025,Tier1,55+,organic
710,15-04-2025,Tier1,25-34,referral
711,13-04-2025,Tier3,55+,paid_ads
712,10-03-2025,Tier2,25-34,paid_ads
713,10-07-2024,Tier2,18-24,paid_ads
714,04-10-2024,Tier3,25-34,organic
715,07-11-2024,Tier1,18-24,organic
716,06-05-2024,Tier1,35-44,paid_ads
717,30-07-2025,Tier2,,referral
718,07-03-2025,Tier2,55+,paid_ads
719,16-07-2025,Tier1,25-34,referral
720,17-09-2024,Tier1,18-24,referral
721,14-02-2025,Tier3,18-24,organic
722,08-09-2024,Tier3,25-34,referral
723,06-03-2025,Tier2,35-44,organic
724,09-06-2025,Tier2,45-54,organic
725,03-06-2024,Tier2,,organic
726,04-04-2025,Tier2,25-34,organic
727,05-07-2025,Tier1,18-24,paid_ads
728,01-09-2024,Tier2,18-24,organic
729,16-12-2024,Tier3,35-44,organic
730,06-09-2024,Tier3,25-34,referral
731,08-03-2025,Tier3,18-24,paid_ads
732,27-10-2024,Tier3,55+,paid_ads
733,15-09-2024,Tier1,35-44,referral
734,24-10-2024,Tier1,18-24,referral
735,23-03-2025,Tier2,18-24,paid_ads
736,30-08-2024,Tier2,35-44,organic
737,09-01-2025,Tier1,25-34,referral
738,05-06-2024,Tier3,35-44,paid_ads
739,08-07-2024,Tier2,35-44,paid_ads
740,02-11-2024,Tier3,45-54,organic
741,07-03-2025,Tier2,55+,organic
742,26-07-2025,Tier2,35-44,referral
743,12-10-2024,Tier2,18-24,organic
744,13-03-2025,Tier2,18-24,organic
745,19-04-2025,Tier1,55+,referral
746,07-07-2025,Tier1,45-54,referral
747,29-06-2024,Tier3,25-34,organic
748,10-02-2025,Tier3,45-54,organic
749,17-01-2025,Tier2,45-54,organic
750,02-09-2024,Tier2,45-54,organic
751,25-10-2024,Tier3,35-44,organic
752,06-01-2025,Tier3,18-24,paid_ads
753,01-06-2025,Tier1,25-34,paid_ads
754,01-04-2024,Tier2,25-34,referral
755,03-09-2024,Tier2,45-54,organic
756,25-08-2024,Tier2,25-34,referral
757,17-07-2024,Tier1,35-44,paid_ads
758,07-11-2024,Tier2,25-34,organic
759,08-05-2025,Tier1,25-34,organic
760,22-01-2025,Tier3,25-34,organic
761,05-02-2025,Tier3,25-34,organic
762,02-03-2025,Tier3,25-34,referral
763,12-09-2024,Tier2,25-34,organic
764,25-11-2024,Tier2,55+,referral
765,13-11-2024,Tier1,55+,organic
766,13-11-2024,Tier1,35-44,referral
767,12-03-2025,Tier2,55+,organic
768,19-07-2024,Tier3,35-44,referral
769,18-12-2024,Tier2,45-54,referral
770,29-11-2024,Tier1,55+,organic
771,12-05-2025,Tier3,35-44,organic
772,06-07-2025,Tier3,18-24,referral
773,13-05-2025,Tier2,55+,paid_ads
774,12-04-2025,Tier3,35-44,organic
775,26-06-2024,Tier1,25-34,organic
776,04-03-2025,Tier2,25-34,paid_ads
777,14-05-2024,Tier2,18-24,referral
778,24-08-2024,Tier2,,paid_ads
779,20-12-2024,Tier1,45-54,organic
780,06-03-2025,Tier1,18-24,organic
781,19-02-2025,,25-34,organic
782,12-02-2025,Tier2,18-24,paid_ads
783,19-09-2024,Tier3,45-54,paid_ads
784,18-05-2024,Tier2,35-44,organic
785,25-05-2025,Tier3,18-24,paid_ads
786,01-08-2025,Tier3,25-34,referral
787,20-04-2025,Tier2,35-44,paid_ads
788,30-07-2024,Tier1,18-24,referral
789,11-03-2025,Tier2,35-44,referral
790,06-09-2024,Tier1,25-34,paid_ads
791,25-07-2024,Tier1,25-34,organic
792,18-05-2025,Tier1,18-24,paid_ads
793,11-07-2024,Tier1,25-34,referral
794,15-06-2024,,18-24,organic
795,13-04-2024,Tier3,35-44,paid_ads
796,24-04-2024,Tier1,18-24,organic
797,04-08-2024,Tier2,25-34,organic
798,30-11-2024,Tier2,55+,organic
799,07-02-2025,Tier2,25-34,organic
800,10-06-2025,Tier3,25-34,organic
801,29-04-2025,Tier2,45-54,organic
802,08-05-2024,Tier3,35-44,paid_ads
803,20-11-2024,Tier2,35-44,organic
804,30-10-2024,Tier3,18-24,organic
805,28-06-2025,Tier1,35-44,referral
806,17-02-2025,Tier1,18-24,organic
807,20-01-2025,Tier3,25-34,organic
808,09-07-2024,Tier1,35-44,referral
809,03-04-2025,Tier1,18-24,organic
810,23-03-2025,Tier3,35-44,referral
811,14-10-2024,Tier2,35-44,referral
812,10-12-2024,Tier1,25-34,paid_ads
813,22-10-2024,Tier2,18-24,referral
814,03-08-2024,Tier1,18-24,referral
815,15-06-2024,Tier1,45-54,referral
816,02-03-2025,Tier2,18-24,organic
817,19-03-2025,Tier1,35-44,referral
818,03-04-2024,Tier3,18-24,organic
819,02-07-2025,Tier2,45-54,paid_ads
820,20-04-2025,Tier1,45-54,organic
821,15-06-2025,,45-54,paid_ads
822,30-04-2025,Tier1,45-54,organic
823,28-06-2025,Tier1,45-54,organic
824,25-05-2024,Tier2,18-24,paid_ads
825,04-05-2025,Tier1,45-54,referral
826,04-11-2024,Tier3,25-34,referral
827,22-07-2024,Tier2,18-24,organic
828,30-06-2024,Tier2,35-44,referral
829,17-05-2025,Tier1,35-44,organic
830,23-03-2025,Tier1,45-54,paid_ads
831,22-12-2024,Tier1,35-44,referral
832,24-11-2024,Tier2,25-34,paid_ads
833,26-04-2024,Tier2,35-44,referral
834,11-01-2025,Tier1,35-44,paid_ads
835,06-08-2024,,35-44,referral
836,14-07-2025,Tier2,18-24,referral
837,09-06-2025,Tier3,18-24,organic
838,02-06-2024,Tier1,25-34,organic
839,20-11-2024,Tier2,18-24,organic
840,08-06-2024,Tier2,35-44,paid_ads
841,16-05-2025,Tier1,25-34,referral
842,24-11-2024,Tier2,25-34,organic
843,08-03-2025,Tier3,35-44,organic
844,28-12-2024,Tier3,45-54,paid_ads
845,12-01-2025,Tier1,35-44,organic
846,30-01-2025,Tier2,25-34,organic
847,10-09-2024,Tier3,,organic
848,31-07-2025,Tier2,45-54,organic
849,22-04-2025,Tier1,,paid_ads
850,01-07-2025,Tier2,35-44,organic
851,13-11-2024,Tier1,25-34,paid_ads
852,08-02-2025,Tier3,55+,paid_ads
853,23-05-2025,Tier1,18-24,organic
854,04-04-2025,Tier1,35-44,referral
855,01-07-2025,Tier3,18-24,organic
856,15-12-2024,Tier2,18-24,referral
857,05-11-2024,Tier2,35-44,referral
858,31-05-2025,Tier2,55+,referral
859,09-07-2025,Tier1,25-34,referral
860,06-01-2025,Tier2,55+,paid_ads
861,15-11-2024,Tier2,55+,organic
862,04-07-2025,Tier2,35-44,paid_ads
863,21-06-2024,Tier1,35-44,paid_ads
864,16-04-2025,Tier2,18-24,paid_ads
865,16-06-2025,,35-44,referral
866,30-11-2024,Tier1,35-44,referral
867,17-11-2024,Tier3,35-44,referral
868,11-08-2024,Tier1,45-54,organic
869,20-04-2025,Tier3,45-54,paid_ads
870,05-08-2024,Tier2,25-34,referral
871,05-06-2025,Tier2,55+,organic
872,21-02-2025,Tier2,18-24,referral
873,20-08-2024,Tier1,35-44,organic
874,28-04-2025,Tier3,18-24,referral
875,04-05-2025,Tier3,35-44,organic
876,23-12-2024,Tier3,18-24,paid_ads
877,05-12-2024,Tier2,25-34,paid_ads
878,15-02-2025,Tier1,18-24,organic
879,01-08-2024,Tier3,55+,paid_ads
880,19-08-2024,Tier1,18-24,organic
881,12-11-2024,Tier2,18-24,organic
882,10-05-2024,Tier1,,paid_ads
883,01-04-2025,Tier2,45-54,organic
884,25-08-2024,Tier2,18-24,organic
885,30-07-2024,Tier2,18-24,referral
886,18-08-2024,Tier3,25-34,organic
887,19-09-2024,Tier1,25-34,organic
888,11-09-2024,Tier2,18-24,paid_ads
889,02-07-2025,Tier2,35-44,organic
890,02-01-2025,Tier2,25-34,organic
891,12-05-2024,,25-34,organic
892,10-06-2024,Tier3,35-44,referral
893,17-06-2024,Tier3,25-34,organic
894,28-07-2024,Tier3,25-34,paid_ads
895,14-10-2024,Tier2,25-34,referral
896,22-03-2025,Tier3,45-54,organic
897,18-06-2024,Tier2,45-54,referral
898,28-03-2025,Tier1,18-24,paid_ads
899,19-07-2024,Tier2,35-44,paid_ads
900,03-05-2024,Tier2,35-44,organic
901,30-10-2024,Tier2,25-34,organic
902,26-10-2024,Tier1,,paid_ads
903,17-09-2024,Tier3,18-24,referral
904,03-01-2025,Tier3,18-24,organic
905,25-11-2024,Tier3,18-24,paid_ads
906,30-10-2024,Tier1,45-54,organic
907,02-05-2024,Tier2,45-54,organic
908,15-07-2024,Tier2,18-24,referral
909,01-06-2025,Tier2,25-34,organic
910,02-11-2024,,18-24,organic
911,17-10-2024,Tier3,25-34,referral
912,08-07-2025,Tier1,25-34,referral
913,30-04-2025,Tier3,25-34,paid_ads
914,25-01-2025,Tier1,18-24,organic
915,29-07-2025,Tier2,55+,referral
916,23-03-2025,Tier2,18-24,organic
917,11-04-2024,Tier2,18-24,paid_ads
918,13-06-2025,Tier1,18-24,organic
919,25-06-2025,Tier1,,paid_ads
920,27-04-2025,Tier2,25-34,paid_ads
921,20-01-2025,Tier1,18-24,referral
922,12-10-2024,Tier2,25-34,paid_ads
923,01-12-2024,Tier1,25-34,paid_ads
924,04-04-2024,Tier1,18-24,organic
925,27-07-2025,Tier3,25-34,paid_ads
926,28-09-2024,Tier3,45-54,referral
927,31-08-2024,Tier3,25-34,referral
928,21-04-2025,Tier3,35-44,organic
929,17-10-2024,Tier2,25-34,paid_ads
930,11-06-2025,Tier1,25-34,organic
931,01-07-2025,Tier3,18-24,paid_ads
932,02-08-2025,Tier3,18-24,organic
933,02-06-2025,Tier2,55+,organic
934,01-11-2024,,25-34,organic
935,01-01-2025,Tier3,35-44,paid_ads
936,18-04-2025,Tier3,18-24,referral
937,12-04-2025,Tier1,25-34,referral
938,05-01-2025,Tier3,55+,paid_ads
939,15-05-2025,Tier3,18-24,organic
940,03-02-2025,Tier2,45-54,organic
941,04-07-2025,Tier2,25-34,referral
942,22-07-2024,Tier2,25-34,referral
943,06-12-2024,Tier1,55+,referral
944,22-07-2024,Tier3,55+,referral
945,18-08-2024,Tier2,45-54,referral
946,10-11-2024,Tier2,45-54,organic
947,05-12-2024,Tier1,25-34,referral
948,15-04-2024,Tier3,18-24,organic
949,17-10-2024,Tier3,35-44,organic
950,20-09-2024,,35-44,organic
951,09-03-2025,Tier3,55+,paid_ads
952,14-03-2025,Tier3,25-34,organic
953,14-05-2025,Tier1,25-34,referral
954,25-10-2024,Tier2,35-44,organic
955,06-04-2025,Tier3,25-34,paid_ads
956,24-06-2024,Tier2,25-34,paid_ads
957,05-06-2025,Tier1,25-34,referral
958,26-11-2024,Tier1,45-54,organic
959,15-07-2025,Tier1,25-34,referral
960,05-06-2024,Tier1,35-44,paid_ads
961,13-02-2025,Tier1,25-34,referral
962,30-12-2024,Tier3,35-44,paid_ads
963,14-04-2024,Tier1,18-24,referral
964,09-07-2025,Tier3,18-24,paid_ads
965,19-10-2024,,45-54,organic
966,29-01-2025,Tier2,25-34,organic
967,14-01-2025,Tier1,,organic
968,06-03-2025,Tier1,18-24,referral
969,14-04-2024,Tier3,25-34,organic
970,13-05-2024,Tier3,18-24,referral
971,24-02-2025,Tier3,18-24,paid_ads
972,06-11-2024,,35-44,paid_ads
973,09-06-2024,Tier2,25-34,paid_ads
974,18-06-2025,Tier2,45-54,paid_ads
975,23-11-2024,Tier2,45-54,referral
976,03-07-2024,Tier2,25-34,paid_ads
977,26-04-2024,Tier1,25-34,referral
978,12-08-2024,Tier2,25-34,organic
979,12-10-2024,Tier3,25-34,paid_ads
980,15-09-2024,Tier2,45-54,paid_ads
981,18-07-2024,Tier2,25-34,referral
982,19-11-2024,Tier1,35-44,referral
983,15-09-2024,Tier1,18-24,paid_ads
984,20-09-2024,Tier1,25-34,referral
985,25-04-2025,Tier1,25-34,organic
986,25-06-2025,Tier3,25-34,organic
987,12-10-2024,Tier1,35-44,referral
988,21-08-2024,Tier1,45-54,organic
989,21-04-2025,Tier1,45-54,organic
990,01-08-2025,Tier2,18-24,organic
991,31-05-2025,Tier2,35-44,organic
992,02-11-2024,Tier2,18-24,organic
993,08-08-2024,Tier2,25-34,paid_ads
994,02-06-2025,Tier3,55+,organic
995,12-05-2024,Tier2,25-34,organic
996,27-11-2024,Tier2,18-24,organic
997,10-04-2024,Tier3,25-34,organic
998,19-04-2025,Tier3,18-24,organic
999,02-01-2025,Tier1,25-34,referral
1000,27-04-2024,Tier2,18-24,referral
1001,01-08-2025,Tier3,,paid_ads
1002,27-09-2024,Tier1,25-34,organic
1003,24-07-2024,Tier1,25-34,organic
1004,27-02-2025,Tier1,25-34,paid_ads
1005,06-05-2024,Tier3,,organic
1006,05-05-2025,Tier1,45-54,referral
1007,28-02-2025,Tier3,18-24,referral
1008,21-04-2024,Tier2,25-34,paid_ads
1009,22-04-2025,Tier3,55+,organic
1010,16-04-2024,Tier3,35-44,referral
1011,31-07-2025,Tier1,35-44,referral
1012,05-08-2024,Tier2,35-44,organic
1013,12-07-2024,Tier1,35-44,paid_ads
1014,04-06-2025,Tier2,18-24,referral
1015,11-04-2024,Tier1,55+,paid_ads
1016,13-02-2025,Tier1,25-34,referral
1017,18-06-2024,Tier1,55+,organic
1018,01-08-2024,Tier3,35-44,referral
1019,04-06-2024,Tier2,35-44,paid_ads
1020,29-11-2024,Tier2,18-24,referral
1021,09-03-2025,Tier1,35-44,paid_ads
1022,29-05-2024,Tier1,35-44,organic
1023,14-01-2025,Tier1,25-34,referral
1024,30-07-2025,Tier3,25-34,organic
1025,21-07-2024,Tier1,18-24,organic
1026,25-11-2024,Tier2,18-24,paid_ads
1027,25-03-2025,Tier3,18-24,paid_ads
1028,10-08-2024,Tier2,25-34,referral
1029,28-04-2025,Tier1,25-34,referral
1030,06-10-2024,Tier2,35-44,organic
1031,25-06-2024,Tier2,55+,referral
1032,05-02-2025,,55+,referral
1033,05-02-2025,Tier1,18-24,organic
1034,18-04-2025,Tier2,18-24,paid_ads
1035,03-04-2025,Tier2,35-44,paid_ads
1036,29-05-2024,Tier1,45-54,organic
1037,04-05-2025,Tier2,25-34,organic
1038,25-05-2025,Tier3,18-24,organic
1039,23-06-2024,Tier2,18-24,organic
1040,07-09-2024,Tier3,35-44,paid_ads
1041,26-05-2024,Tier1,25-34,referral
1042,22-01-2025,Tier2,18-24,organic
1043,14-04-2024,,55+,organic
1044,20-07-2025,Tier2,55+,paid_ads
1045,07-09-2024,Tier3,25-34,referral
1046,20-01-2025,Tier3,25-34,referral
1047,13-03-2025,Tier2,35-44,organic
1048,09-07-2025,Tier3,45-54,paid_ads
1049,10-10-2024,Tier3,18-24,referral
1050,21-10-2024,Tier1,35-44,organic
1051,27-07-2025,Tier1,55+,organic
1052,02-04-2025,Tier1,25-34,referral
1053,11-07-2024,Tier1,35-44,organic
1054,09-05-2024,Tier1,45-54,referral
1055,29-01-2025,Tier1,25-34,referral
1056,20-03-2025,Tier2,45-54,paid_ads
1057,31-05-2025,Tier3,35-44,referral
1058,16-02-2025,Tier1,35-44,referral
1059,03-08-2024,Tier3,25-34,organic
1060,23-05-2024,Tier2,25-34,referral
1061,23-03-2025,Tier2,25-34,paid_ads
1062,01-05-2025,Tier3,18-24,organic
1063,02-09-2024,Tier3,18-24,referral
1064,10-06-2025,Tier2,35-44,organic
1065,17-03-2025,Tier2,25-34,organic
1066,02-02-2025,Tier3,25-34,organic
1067,18-05-2025,Tier2,18-24,paid_ads
1068,01-06-2024,Tier3,55+,referral
1069,13-05-2025,Tier2,35-44,referral
1070,15-01-2025,Tier2,25-34,organic
1071,06-05-2025,Tier3,18-24,organic
1072,22-04-2024,Tier2,35-44,paid_ads
1073,25-09-2024,Tier3,18-24,referral
1074,29-12-2024,Tier3,25-34,referral
1075,06-11-2024,Tier1,35-44,organic
1076,05-03-2025,Tier3,35-44,referral
1077,07-10-2024,Tier1,35-44,referral
1078,06-05-2024,Tier2,55+,organic
1079,16-12-2024,Tier3,18-24,paid_ads
1080,26-02-2025,Tier1,25-34,referral
1081,22-09-2024,Tier3,25-34,paid_ads
1082,07-04-2024,Tier3,55+,organic
1083,09-06-2025,Tier2,18-24,organic
1084,02-11-2024,Tier2,18-24,organic
1085,27-05-2025,Tier3,18-24,referral
1086,07-12-2024,Tier1,45-54,paid_ads
1087,25-05-2024,Tier2,35-44,paid_ads
1088,08-11-2024,Tier2,35-44,referral
1089,03-10-2024,Tier3,35-44,referral
1090,20-02-2025,Tier2,18-24,referral
1091,01-07-2025,Tier2,25-34,referral
1092,30-05-2025,Tier3,25-34,organic
1093,22-11-2024,Tier1,25-34,organic
1094,29-03-2025,Tier1,25-34,referral
1095,18-06-2024,Tier3,25-34,organic
1096,09-11-2024,Tier1,35-44,referral
1097,30-06-2024,Tier2,18-24,paid_ads
1098,11-04-2025,Tier1,25-34,organic
1099,24-12-2024,Tier1,45-54,paid_ads
1100,28-02-2025,Tier1,18-24,organic
1101,17-08-2024,Tier1,25-34,organic
1102,10-02-2025,Tier3,18-24,paid_ads
1103,19-05-2025,Tier2,18-24,organic
1104,15-07-2025,Tier2,25-34,referral
1105,01-01-2025,Tier1,18-24,organic
1106,02-05-2025,Tier3,35-44,referral
1107,04-12-2024,Tier2,18-24,organic
1108,25-11-2024,Tier3,25-34,referral
1109,10-11-2024,Tier3,25-34,organic
1110,28-05-2025,Tier3,18-24,paid_ads
1111,10-04-2025,Tier2,25-34,organic
1112,29-01-2025,Tier3,45-54,organic
1113,16-08-2024,Tier3,35-44,organic
1114,13-09-2024,Tier2,18-24,paid_ads
1115,11-06-2025,Tier1,25-34,referral
1116,04-08-2024,Tier2,18-24,paid_ads
1117,31-05-2025,Tier2,18-24,organic
1118,23-07-2025,Tier3,55+,paid_ads
1119,15-05-2024,Tier2,25-34,referral
1120,21-08-2024,Tier2,35-44,referral
1121,26-06-2025,Tier2,35-44,referral
1122,17-11-2024,Tier3,25-34,organic
1123,03-08-2024,Tier2,35-44,organic
1124,20-04-2025,Tier3,35-44,paid_ads
1125,24-11-2024,Tier1,25-34,organic
1126,17-01-2025,Tier2,18-24,organic
1127,07-02-2025,Tier2,18-24,referral
1128,09-03-2025,Tier3,25-34,organic
1129,12-10-2024,Tier2,25-34,referral
1130,20-09-2024,Tier3,18-24,organic
1131,15-04-2024,Tier2,35-44,paid_ads
1132,10-12-2024,Tier1,55+,referral
1133,10-06-2025,Tier1,18-24,organic
1134,14-09-2024,Tier2,35-44,referral
1135,03-07-2024,Tier2,18-24,organic
1136,06-12-2024,Tier2,25-34,organic
1137,18-07-2024,Tier3,35-44,organic
1138,29-09-2024,Tier3,18-24,paid_ads
1139,14-05-2025,Tier3,35-44,referral
1140,11-08-2024,Tier3,55+,paid_ads
1141,22-09-2024,Tier2,18-24,paid_ads
1142,22-08-2024,Tier3,18-24,organic
1143,25-06-2025,Tier3,35-44,referral
1144,31-01-2025,Tier3,25-34,referral
1145,26-03-2025,Tier1,35-44,paid_ads
1146,25-06-2025,Tier2,45-54,referral
1147,20-08-2024,Tier3,18-24,referral
1148,10-01-2025,,,paid_ads
1149,06-04-2024,Tier2,35-44,organic
1150,21-12-2024,Tier1,25-34,referral
1151,30-07-2025,Tier3,25-34,paid_ads
1152,07-07-2024,Tier3,18-24,paid_ads
1153,14-05-2024,Tier2,18-24,organic
1154,02-08-2024,Tier1,25-34,organic
1155,04-04-2025,Tier3,45-54,organic
1156,26-10-2024,Tier2,35-44,organic
1157,07-12-2024,Tier3,25-34,organic
1158,10-01-2025,Tier2,25-34,organic
1159,24-04-2025,Tier3,55+,organic
1160,02-08-2024,Tier3,45-54,referral
1161,20-03-2025,Tier2,18-24,paid_ads
1162,30-11-2024,Tier3,,paid_ads
1163,25-02-2025,Tier1,35-44,organic
1164,31-03-2025,Tier3,18-24,organic
1165,08-12-2024,Tier1,35-44,organic
1166,16-11-2024,Tier2,45-54,referral
1167,11-05-2025,Tier2,45-54,organic
1168,09-04-2024,Tier3,45-54,referral
1169,18-05-2024,Tier1,45-54,referral
1170,29-08-2024,Tier3,35-44,referral
1171,23-07-2024,Tier1,25-34,paid_ads
1172,25-10-2024,Tier1,18-24,organic
1173,21-03-2025,Tier3,25-34,organic
1174,03-08-2024,Tier2,45-54,organic
1175,04-09-2024,Tier2,55+,organic
1176,06-03-2025,Tier1,35-44,referral
1177,23-01-2025,Tier2,18-24,referral
1178,06-10-2024,Tier2,25-34,organic
1179,29-11-2024,Tier3,25-34,referral
1180,09-01-2025,Tier3,55+,referral
1181,28-12-2024,Tier1,25-34,organic
1182,24-09-2024,Tier1,45-54,paid_ads
1183,04-11-2024,Tier1,18-24,organic
1184,17-04-2025,Tier3,18-24,referral
1185,07-01-2025,Tier2,35-44,organic
1186,17-09-2024,Tier1,55+,organic
1187,28-09-2024,Tier1,18-24,organic
1188,26-03-2025,Tier3,25-34,organic
1189,19-11-2024,Tier2,45-54,paid_ads
1190,17-08-2024,Tier2,55+,referral
1191,04-09-2024,Tier3,18-24,referral
1192,07-08-2024,Tier3,18-24,paid_ads
1193,28-07-2024,Tier2,25-34,organic
1194,01-06-2024,Tier3,45-54,organic
1195,05-04-2025,Tier1,18-24,organic
1196,08-07-2024,Tier1,25-34,referral
1197,09-09-2024,Tier2,55+,paid_ads
1198,01-06-2024,Tier2,,organic
1199,16-04-2025,Tier1,25-34,organic
1200,31-12-2024,Tier3,35-44,organic
1201,31-07-2025,Tier1,18-24,paid_ads
1202,26-04-2025,Tier1,55+,organic
1203,20-03-2025,Tier3,45-54,organic
1204,04-07-2024,Tier1,55+,referral
1205,08-07-2024,Tier3,18-24,paid_ads
1206,20-07-2024,Tier2,25-34,organic
1207,14-04-2025,,18-24,referral
1208,04-12-2024,Tier2,35-44,referral
1209,20-08-2024,Tier1,18-24,paid_ads
1210,06-04-2025,Tier2,25-34,organic
1211,27-01-2025,Tier3,18-24,organic
1212,25-04-2025,Tier2,18-24,paid_ads
1213,25-12-2024,Tier1,25-34,paid_ads
1214,31-01-2025,Tier1,18-24,referral
1215,23-08-2024,Tier3,45-54,paid_ads
1216,22-05-2024,Tier3,25-34,organic
1217,01-06-2025,Tier2,18-24,organic
1218,09-07-2024,Tier3,18-24,referral
1219,30-08-2024,Tier1,,organic
1220,26-07-2024,Tier3,45-54,referral
1221,02-10-2024,Tier2,18-24,paid_ads
1222,01-07-2024,Tier3,35-44,organic
1223,02-09-2024,Tier2,18-24,organic
1224,08-04-2024,Tier1,18-24,referral
1225,29-03-2025,Tier1,55+,organic
1226,30-12-2024,Tier1,25-34,organic
1227,04-06-2024,Tier1,18-24,paid_ads
1228,19-08-2024,Tier2,35-44,paid_ads
1229,24-04-2024,Tier1,,organic
1230,28-04-2024,Tier2,25-34,referral
1231,09-01-2025,Tier3,45-54,referral
1232,28-08-2024,Tier1,18-24,referral
1233,24-03-2025,,25-34,referral
1234,28-07-2025,,25-34,referral
1235,04-06-2024,Tier2,45-54,referral
1236,21-02-2025,Tier2,25-34,paid_ads
1237,19-06-2025,Tier3,35-44,referral
1238,21-04-2025,Tier2,18-24,organic
1239,08-12-2024,Tier3,35-44,referral
1240,23-05-2024,Tier2,35-44,organic
1241,21-06-2025,Tier1,35-44,organic
1242,07-04-2024,Tier1,35-44,paid_ads
1243,19-01-2025,Tier2,45-54,referral
1244,24-08-2024,Tier3,25-34,organic
1245,27-11-2024,,18-24,organic
1246,02-12-2024,Tier1,45-54,referral
1247,12-11-2024,Tier1,35-44,paid_ads
1248,22-09-2024,Tier3,35-44,paid_ads
1249,04-07-2024,Tier2,45-54,organic
1250,27-04-2024,Tier1,35-44,paid_ads
1251,08-08-2024,Tier2,25-34,paid_ads
1252,26-07-2025,Tier1,45-54,referral
1253,16-06-2025,Tier2,35-44,organic
1254,01-12-2024,Tier2,18-24,organic
1255,29-05-2024,Tier1,45-54,referral
1256,26-05-2025,Tier2,35-44,paid_ads
1257,04-05-2024,Tier2,18-24,organic
1258,23-10-2024,Tier1,25-34,referral
1259,08-12-2024,Tier2,25-34,organic
1260,08-05-2024,Tier3,55+,paid_ads
1261,21-01-2025,Tier2,35-44,organic
1262,17-02-2025,Tier2,25-34,paid_ads
1263,18-03-2025,Tier2,45-54,organic
1264,28-04-2024,Tier1,35-44,organic
1265,17-06-2024,Tier2,25-34,referral
1266,16-06-2024,Tier3,25-34,referral
1267,21-05-2025,Tier1,25-34,paid_ads
1268,14-01-2025,Tier1,35-44,referral
1269,30-07-2025,Tier1,25-34,paid_ads
1270,03-09-2024,Tier1,25-34,paid_ads
1271,14-05-2024,Tier1,18-24,paid_ads
1272,06-08-2024,Tier2,18-24,referral
1273,31-05-2024,Tier1,18-24,organic
1274,11-01-2025,Tier1,25-34,organic
1275,27-04-2025,Tier1,18-24,organic
1276,31-10-2024,Tier2,25-34,referral
1277,05-02-2025,,18-24,organic
1278,31-01-2025,Tier3,45-54,paid_ads
1279,10-05-2025,Tier3,35-44,organic
1280,11-02-2025,Tier2,25-34,referral
1281,25-07-2024,Tier3,25-34,organic
1282,03-05-2025,Tier2,18-24,referral
1283,24-12-2024,Tier3,25-34,referral
1284,12-10-2024,Tier1,25-34,paid_ads
1285,17-11-2024,Tier1,55+,paid_ads
1286,10-07-2025,Tier1,45-54,paid_ads
1287,13-11-2024,Tier3,45-54,referral
1288,31-08-2024,Tier1,18-24,referral
1289,15-06-2025,Tier3,25-34,referral
1290,27-01-2025,Tier3,18-24,referral
1291,06-11-2024,Tier1,25-34,referral
1292,04-09-2024,Tier3,18-24,organic
1293,17-01-2025,Tier3,35-44,organic
1294,12-02-2025,Tier1,45-54,organic
1295,01-05-2024,Tier1,55+,referral
1296,07-02-2025,Tier3,55+,organic
1297,14-04-2025,Tier3,,referral
1298,21-05-2024,Tier2,35-44,organic
1299,30-07-2025,Tier3,45-54,organic
1300,26-04-2025,Tier1,25-34,referral
1301,16-07-2024,Tier3,35-44,referral
1302,15-02-2025,Tier2,25-34,paid_ads
1303,18-07-2024,Tier1,,paid_ads
1304,14-08-2024,Tier3,35-44,organic
1305,05-03-2025,Tier3,18-24,organic
1306,12-05-2024,Tier2,25-34,organic
1307,20-06-2024,Tier1,45-54,referral
1308,01-08-2024,Tier2,25-34,referral
1309,28-06-2024,Tier2,18-24,paid_ads
1310,08-01-2025,Tier3,25-34,organic
1311,09-05-2024,Tier2,55+,referral
1312,20-06-2024,Tier2,45-54,paid_ads
1313,02-04-2024,Tier2,55+,organic
1314,27-10-2024,Tier1,25-34,paid_ads
1315,17-11-2024,Tier1,45-54,organic
1316,19-03-2025,Tier3,18-24,referral
1317,30-01-2025,Tier2,25-34,organic
1318,27-11-2024,Tier1,18-24,organic
1319,28-08-2024,Tier3,18-24,referral
1320,17-04-2024,Tier2,25-34,paid_ads
1321,28-07-2024,Tier2,45-54,organic
1322,26-08-2024,Tier3,18-24,paid_ads
1323,28-03-2025,Tier2,18-24,organic
1324,23-08-2024,Tier1,18-24,referral
1325,26-03-2025,Tier2,18-24,organic
1326,15-06-2025,Tier1,45-54,referral
1327,19-11-2024,Tier2,25-34,referral
1328,07-05-2024,Tier3,35-44,organic
1329,18-03-2025,Tier3,25-34,referral
1330,29-07-2024,Tier3,35-44,organic
1331,18-07-2025,Tier2,55+,organic
1332,14-08-2024,Tier2,18-24,organic
1333,09-05-2025,Tier2,25-34,organic
1334,11-05-2025,Tier1,55+,paid_ads
1335,15-02-2025,Tier2,18-24,paid_ads
1336,27-01-2025,Tier3,18-24,organic
1337,05-03-2025,Tier2,25-34,organic
1338,17-05-2025,Tier3,55+,referral
1339,23-07-2025,Tier2,25-34,referral
1340,11-07-2024,Tier3,25-34,paid_ads
1341,04-11-2024,Tier1,35-44,paid_ads
1342,29-05-2024,Tier3,25-34,referral
1343,04-01-2025,Tier1,25-34,organic
1344,25-07-2024,Tier3,45-54,referral
1345,26-02-2025,Tier2,18-24,paid_ads
1346,16-06-2024,Tier2,18-24,organic
1347,10-07-2025,Tier2,55+,referral
1348,15-08-2024,Tier3,35-44,organic
1349,29-05-2025,Tier2,25-34,referral
1350,12-06-2024,Tier1,45-54,organic
1351,07-05-2024,Tier3,18-24,paid_ads
1352,01-05-2024,Tier3,25-34,paid_ads
1353,24-06-2024,Tier2,25-34,referral
1354,11-05-2025,Tier1,25-34,organic
1355,05-09-2024,Tier2,25-34,referral
1356,30-01-2025,Tier2,25-34,paid_ads
1357,19-04-2025,Tier2,18-24,paid_ads
1358,28-05-2025,Tier3,18-24,paid_ads
1359,17-01-2025,Tier1,35-44,paid_ads
1360,16-07-2025,,45-54,organic
1361,26-08-2024,Tier1,55+,organic
1362,11-11-2024,Tier1,35-44,organic
1363,03-06-2024,Tier1,18-24,organic
1364,26-11-2024,Tier2,18-24,referral
1365,19-03-2025,Tier2,55+,paid_ads
1366,03-09-2024,Tier1,25-34,organic
1367,25-03-2025,Tier2,45-54,referral
1368,24-10-2024,Tier1,25-34,referral
1369,27-07-2025,Tier2,,organic
1370,18-08-2024,Tier3,25-34,referral
1371,13-12-2024,Tier1,35-44,organic
1372,02-01-2025,Tier3,35-44,organic
1373,09-12-2024,Tier3,45-54,organic
1374,11-11-2024,Tier2,25-34,paid_ads
1375,12-05-2024,Tier3,35-44,paid_ads
1376,01-02-2025,Tier1,25-34,organic
1377,21-04-2024,Tier1,25-34,referral
1378,30-06-2025,Tier2,55+,organic
1379,08-11-2024,Tier2,45-54,organic
1380,12-04-2025,Tier2,35-44,organic
1381,13-09-2024,Tier2,25-34,referral
1382,04-02-2025,Tier1,18-24,referral
1383,07-08-2024,Tier2,18-24,referral
1384,14-04-2024,Tier3,18-24,organic
1385,17-05-2024,Tier3,25-34,referral
1386,27-07-2024,Tier2,45-54,paid_ads
1387,12-03-2025,Tier1,,organic
1388,03-06-2025,Tier1,25-34,organic
1389,15-06-2025,Tier2,35-44,paid_ads
1390,20-01-2025,Tier2,35-44,organic
1391,26-01-2025,Tier3,25-34,organic
1392,31-07-2025,Tier1,35-44,referral
1393,11-04-2024,Tier3,18-24,paid_ads
1394,27-04-2025,Tier2,18-24,referral
1395,11-03-2025,Tier3,25-34,paid_ads
1396,26-05-2025,Tier1,35-44,paid_ads
1397,16-08-2024,Tier1,25-34,organic
1398,21-01-2025,Tier2,25-34,organic
1399,21-04-2024,Tier3,,organic
1400,26-04-2025,Tier3,35-44,referral
1401,23-04-2025,Tier2,35-44,organic
1402,29-06-2024,Tier2,45-54,paid_ads
1403,27-11-2024,,35-44,organic
1404,22-12-2024,Tier1,45-54,organic
1405,28-02-2025,Tier1,18-24,referral
1406,13-11-2024,Tier3,45-54,paid_ads
1407,14-07-2025,Tier2,25-34,organic
1408,21-08-2024,Tier1,35-44,referral
1409,02-07-2024,Tier1,18-24,organic
1410,25-01-2025,Tier3,18-24,organic
1411,10-11-2024,Tier3,25-34,referral
1412,20-02-2025,Tier2,35-44,organic
1413,22-05-2025,Tier2,35-44,paid_ads
1414,08-12-2024,Tier2,18-24,organic
1415,17-05-2024,Tier3,35-44,paid_ads
1416,27-11-2024,Tier1,35-44,paid_ads
1417,26-09-2024,Tier3,45-54,paid_ads
1418,27-10-2024,Tier2,25-34,paid_ads
1419,18-09-2024,Tier2,18-24,paid_ads
1420,12-09-2024,Tier1,18-24,paid_ads
1421,10-03-2025,Tier2,,paid_ads
1422,24-05-2024,Tier2,55+,referral
1423,14-06-2025,Tier2,18-24,organic
1424,22-06-2024,Tier2,25-34,paid_ads
1425,16-09-2024,Tier2,25-34,paid_ads
1426,28-10-2024,Tier2,25-34,referral
1427,22-03-2025,Tier2,18-24,paid_ads
1428,10-12-2024,Tier3,55+,organic
1429,26-08-2024,Tier3,25-34,referral
1430,06-03-2025,Tier2,18-24,organic
1431,28-07-2025,Tier1,18-24,referral
1432,23-10-2024,Tier2,18-24,organic
1433,22-05-2025,Tier3,25-34,paid_ads
1434,25-04-2025,,35-44,paid_ads
1435,07-01-2025,Tier2,25-34,organic
1436,19-04-2024,Tier2,55+,paid_ads
1437,19-11-2024,Tier3,55+,referral
1438,16-05-2024,Tier3,45-54,organic
1439,09-09-2024,Tier2,25-34,paid_ads
1440,08-08-2024,Tier2,25-34,referral
1441,13-09-2024,Tier3,18-24,paid_ads
1442,30-05-2024,Tier2,18-24,organic
1443,01-05-2025,Tier3,35-44,referral
1444,24-10-2024,Tier3,25-34,organic
1445,17-06-2025,Tier1,18-24,paid_ads
1446,20-12-2024,Tier2,18-24,paid_ads
1447,28-05-2025,Tier3,45-54,organic
1448,01-04-2024,Tier1,35-44,organic
1449,03-03-2025,Tier3,,referral
1450,20-06-2025,Tier3,18-24,paid_ads
1451,03-01-2025,Tier1,45-54,organic
1452,23-11-2024,Tier1,55+,organic
1453,29-10-2024,Tier2,55+,organic
1454,28-04-2024,Tier1,18-24,organic
1455,06-07-2024,Tier2,25-34,paid_ads
1456,22-12-2024,Tier1,35-44,referral
1457,03-10-2024,Tier2,18-24,referral
1458,13-02-2025,Tier2,,paid_ads
1459,23-04-2025,Tier1,35-44,referral
1460,12-12-2024,Tier1,35-44,referral
1461,15-02-2025,Tier1,18-24,organic
1462,13-11-2024,Tier1,35-44,organic
1463,25-04-2025,Tier2,55+,organic
1464,27-04-2024,Tier3,45-54,organic
1465,14-07-2024,Tier1,35-44,organic
1466,15-08-2024,Tier2,25-34,organic
1467,07-01-2025,Tier2,18-24,paid_ads
1468,07-06-2024,Tier2,18-24,organic
1469,19-07-2025,Tier3,25-34,referral
1470,26-08-2024,Tier2,25-34,organic
1471,11-11-2024,Tier2,55+,organic
1472,25-06-2025,Tier2,55+,referral
1473,24-03-2025,Tier1,35-44,referral
1474,05-12-2024,Tier1,18-24,referral
1475,02-06-2024,Tier2,25-34,paid_ads
1476,15-04-2024,Tier2,25-34,organic
1477,17-02-2025,Tier2,45-54,organic
1478,06-02-2025,Tier1,55+,organic
1479,15-05-2025,Tier2,,paid_ads
1480,01-08-2024,Tier3,35-44,organic
1481,30-03-2025,Tier3,35-44,organic
1482,21-06-2024,Tier3,35-44,referral
1483,07-09-2024,Tier3,25-34,organic
1484,08-01-2025,Tier3,35-44,organic
1485,08-04-2024,Tier1,25-34,organic
1486,08-01-2025,Tier1,45-54,organic
1487,26-10-2024,Tier2,18-24,organic
1488,18-05-2024,Tier3,18-24,organic
1489,25-07-2024,Tier2,35-44,organic
1490,05-06-2025,Tier2,45-54,referral
1491,12-07-2025,Tier3,45-54,organic
1492,29-05-2024,Tier3,,paid_ads
1493,23-11-2024,Tier3,18-24,referral
1494,29-07-2025,Tier3,55+,organic
1495,31-05-2024,Tier1,35-44,referral
1496,26-02-2025,Tier1,18-24,paid_ads
1497,01-06-2025,Tier1,55+,referral
1498,18-06-2024,Tier3,25-34,organic
1499,12-12-2024,Tier2,35-44,organic
1500,22-07-2025,Tier3,18-24,referral
1501,02-04-2025,Tier1,35-44,paid_ads
1502,28-08-2024,Tier3,18-24,referral
1503,17-12-2024,Tier2,45-54,paid_ads
1504,28-03-2025,Tier2,45-54,referral
1505,18-08-2024,Tier1,18-24,referral
1506,30-10-2024,Tier3,18-24,paid_ads
1507,02-06-2025,Tier1,18-24,paid_ads
1508,04-12-2024,Tier1,25-34,paid_ads
1509,28-11-2024,Tier1,18-24,referral
1510,03-08-2024,Tier3,45-54,organic
1511,20-11-2024,Tier1,18-24,referral
1512,08-01-2025,Tier3,25-34,organic
1513,14-06-2024,Tier3,55+,referral
1514,14-10-2024,Tier2,25-34,paid_ads
1515,07-07-2024,Tier2,45-54,paid_ads
1516,16-07-2025,Tier2,35-44,referral
1517,01-02-2025,Tier3,25-34,referral
1518,17-12-2024,Tier1,25-34,paid_ads
1519,18-04-2025,Tier2,18-24,organic
1520,25-06-2025,Tier2,25-34,referral
1521,09-06-2024,Tier3,25-34,organic
1522,17-06-2025,Tier2,18-24,referral
1523,06-05-2024,Tier1,45-54,referral
1524,20-08-2024,Tier2,35-44,organic
1525,01-05-2025,Tier3,45-54,organic
1526,10-05-2025,Tier3,55+,organic
1527,12-06-2025,Tier1,18-24,referral
1528,30-10-2024,Tier3,25-34,paid_ads
1529,22-09-2024,Tier2,35-44,organic
1530,23-07-2025,Tier3,35-44,organic
1531,09-05-2025,Tier1,55+,organic
1532,16-12-2024,Tier2,25-34,referral
1533,15-08-2024,Tier2,45-54,organic
1534,26-05-2025,Tier1,18-24,organic
1535,02-04-2024,Tier3,45-54,referral
1536,23-08-2024,Tier2,45-54,organic
1537,07-04-2025,,25-34,referral
1538,31-08-2024,Tier3,25-34,paid_ads
1539,03-06-2025,Tier1,18-24,organic
1540,26-01-2025,Tier3,45-54,organic
1541,22-01-2025,Tier2,25-34,organic
1542,04-03-2025,Tier2,55+,organic
1543,07-12-2024,Tier1,35-44,organic
1544,18-06-2025,Tier2,25-34,referral
1545,16-06-2024,Tier1,25-34,organic
1546,15-11-2024,Tier1,55+,organic
1547,01-01-2025,Tier2,25-34,referral
1548,04-12-2024,Tier1,35-44,referral
1549,24-09-2024,Tier3,18-24,referral
1550,18-09-2024,Tier3,18-24,organic
1551,08-01-2025,Tier2,35-44,paid_ads
1552,26-04-2025,Tier3,25-34,organic
1553,04-01-2025,Tier1,18-24,referral
1554,11-10-2024,Tier2,45-54,referral
1555,20-11-2024,Tier2,18-24,organic
1556,22-07-2025,Tier2,25-34,organic
1557,12-09-2024,Tier2,55+,organic
1558,20-06-2025,Tier1,55+,referral
1559,06-07-2024,Tier1,45-54,referral
1560,24-03-2025,Tier3,45-54,paid_ads
1561,01-08-2024,Tier1,35-44,referral
1562,18-01-2025,Tier2,,organic
1563,14-10-2024,Tier1,18-24,paid_ads
1564,29-07-2024,,25-34,organic
1565,13-06-2025,Tier3,18-24,paid_ads
1566,03-05-2025,Tier3,55+,organic
1567,28-10-2024,Tier1,18-24,paid_ads
1568,23-04-2024,Tier2,55+,organic
1569,10-09-2024,Tier1,35-44,referral
1570,17-04-2025,,18-24,paid_ads
1571,29-11-2024,Tier2,,referral
1572,28-03-2025,Tier2,25-34,paid_ads
1573,12-07-2025,Tier2,25-34,organic
1574,21-05-2025,Tier2,45-54,paid_ads
1575,13-10-2024,Tier1,25-34,referral
1576,15-10-2024,Tier1,45-54,referral
1577,06-03-2025,Tier2,25-34,organic
1578,11-05-2025,Tier3,25-34,organic
1579,26-05-2025,Tier2,55+,organic
1580,28-02-2025,Tier2,18-24,paid_ads
1581,17-06-2024,Tier2,25-34,paid_ads
1582,10-12-2024,Tier1,25-34,paid_ads
1583,19-04-2024,Tier1,35-44,organic
1584,04-06-2024,Tier2,35-44,organic
1585,14-12-2024,Tier1,25-34,referral
1586,28-01-2025,Tier2,45-54,referral
1587,17-09-2024,Tier1,55+,organic
1588,20-06-2025,Tier3,25-34,organic
1589,22-05-2024,Tier2,,paid_ads
1590,22-06-2025,Tier2,35-44,paid_ads
1591,07-06-2025,Tier1,25-34,organic
1592,12-11-2024,Tier2,18-24,organic
1593,22-05-2024,Tier3,25-34,referral
1594,26-12-2024,Tier3,18-24,organic
1595,11-07-2025,Tier3,45-54,paid_ads
1596,20-11-2024,Tier2,18-24,organic
1597,08-04-2024,Tier2,35-44,referral
1598,05-04-2025,Tier2,25-34,organic
1599,13-06-2024,Tier2,25-34,paid_ads
1600,27-10-2024,Tier2,45-54,organic
1601,20-06-2025,Tier3,45-54,organic
1602,02-03-2025,Tier3,25-34,organic
1603,19-06-2024,Tier3,25-34,organic
1604,09-05-2024,Tier1,25-34,organic
1605,27-11-2024,Tier3,25-34,referral
1606,06-05-2025,Tier2,25-34,organic
1607,14-08-2024,Tier1,45-54,paid_ads
1608,21-09-2024,Tier2,55+,referral
1609,14-02-2025,Tier1,35-44,referral
1610,21-03-2025,Tier1,25-34,organic
1611,21-10-2024,,18-24,referral
1612,27-02-2025,Tier2,25-34,paid_ads
1613,12-05-2024,Tier2,55+,paid_ads
1614,11-06-2025,Tier2,18-24,paid_ads
1615,16-09-2024,Tier2,25-34,organic
1616,11-06-2025,Tier3,25-34,paid_ads
1617,12-03-2025,Tier1,18-24,referral
1618,14-06-2025,Tier3,45-54,referral
1619,30-12-2024,Tier3,55+,paid_ads
1620,12-10-2024,Tier1,18-24,referral
1621,02-08-2025,Tier2,18-24,paid_ads
1622,10-09-2024,,25-34,paid_ads
1623,15-02-2025,Tier3,25-34,referral
1624,03-04-2025,Tier1,18-24,paid_ads
1625,29-06-2025,Tier1,45-54,organic
1626,24-04-2025,Tier1,18-24,referral
1627,06-12-2024,Tier2,55+,referral
1628,21-06-2025,Tier2,45-54,organic
1629,03-01-2025,Tier2,18-24,referral
1630,19-04-2024,Tier2,18-24,paid_ads
1631,11-02-2025,Tier1,18-24,referral
1632,06-05-2024,Tier3,45-54,organic
1633,30-07-2024,Tier3,55+,referral
1634,18-02-2025,Tier1,25-34,organic
1635,17-03-2025,,35-44,paid_ads
1636,16-07-2025,Tier3,25-34,paid_ads
1637,26-08-2024,Tier1,25-34,referral
1638,26-07-2024,Tier1,25-34,organic
1639,18-04-2025,Tier1,35-44,paid_ads
1640,17-05-2024,Tier1,55+,referral
1641,09-11-2024,Tier2,35-44,organic
1642,21-05-2024,Tier2,35-44,referral
1643,25-04-2025,Tier2,18-24,referral
1644,19-02-2025,Tier3,35-44,organic
1645,27-03-2025,Tier2,35-44,organic
1646,21-06-2025,Tier3,18-24,referral
1647,22-05-2024,Tier2,18-24,paid_ads
1648,14-11-2024,Tier3,25-34,referral
1649,25-06-2024,Tier3,25-34,referral
1650,22-03-2025,Tier1,35-44,paid_ads
1651,01-09-2024,Tier2,45-54,organic
1652,07-07-2025,Tier1,25-34,organic
1653,15-04-2024,Tier2,45-54,paid_ads
1654,24-04-2024,Tier1,35-44,organic
1655,14-09-2024,Tier2,35-44,referral
1656,13-05-2025,Tier1,25-34,referral
1657,29-04-2024,Tier1,35-44,paid_ads
1658,29-08-2024,Tier3,18-24,referral
1659,01-10-2024,Tier2,,paid_ads
1660,09-10-2024,Tier2,25-34,organic
1661,07-11-2024,Tier2,45-54,referral
1662,14-06-2024,Tier2,45-54,paid_ads
1663,04-08-2024,Tier3,45-54,organic
1664,28-12-2024,Tier1,25-34,organic
1665,28-10-2024,Tier2,25-34,organic
1666,15-01-2025,Tier2,35-44,referral
1667,16-03-2025,Tier2,35-44,organic
1668,11-05-2025,Tier1,45-54,organic
1669,02-07-2024,Tier1,45-54,organic
1670,27-06-2024,Tier2,25-34,paid_ads
1671,29-06-2024,Tier1,25-34,paid_ads
1672,11-05-2024,Tier1,25-34,referral
1673,07-02-2025,Tier1,18-24,referral
1674,20-06-2025,Tier3,,paid_ads
1675,13-10-2024,Tier2,25-34,paid_ads
1676,12-02-2025,Tier3,25-34,referral
1677,16-03-2025,Tier3,25-34,paid_ads
1678,02-08-2024,Tier3,18-24,organic
1679,11-12-2024,Tier3,25-34,paid_ads
1680,12-07-2025,Tier1,25-34,organic
1681,24-01-2025,Tier1,25-34,paid_ads
1682,13-06-2024,Tier1,18-24,referral
1683,28-07-2024,Tier3,18-24,referral
1684,23-11-2024,Tier2,35-44,organic
1685,21-02-2025,Tier1,55+,organic
1686,09-08-2024,Tier1,45-54,referral
1687,22-11-2024,Tier3,18-24,referral
1688,09-08-2024,Tier2,35-44,organic
1689,08-03-2025,Tier1,25-34,organic
1690,05-04-2024,Tier2,25-34,paid_ads
1691,05-07-2025,Tier1,25-34,organic
1692,17-05-2025,Tier3,18-24,paid_ads
1693,25-11-2024,Tier1,45-54,organic
1694,06-07-2025,Tier1,25-34,referral
1695,26-08-2024,Tier2,18-24,paid_ads
1696,13-03-2025,,25-34,referral
1697,05-01-2025,Tier3,45-54,paid_ads
1698,20-06-2024,Tier2,25-34,paid_ads
1699,08-05-2024,Tier2,,referral
1700,13-11-2024,Tier2,25-34,organic
1701,28-07-2025,Tier1,25-34,organic
1702,24-09-2024,Tier3,25-34,referral
1703,26-01-2025,Tier2,18-24,referral
1704,01-09-2024,Tier2,18-24,referral
1705,22-02-2025,Tier3,35-44,paid_ads
1706,04-11-2024,Tier2,55+,paid_ads
1707,20-03-2025,Tier3,18-24,organic
1708,07-08-2024,Tier2,18-24,paid_ads
1709,20-11-2024,Tier3,18-24,paid_ads
1710,07-06-2025,Tier2,55+,organic
1711,02-09-2024,Tier1,18-24,organic
1712,11-07-2024,Tier1,25-34,organic
1713,14-10-2024,Tier1,55+,organic
1714,11-06-2025,Tier3,25-34,organic
1715,04-12-2024,Tier2,35-44,paid_ads
1716,25-05-2024,Tier3,18-24,paid_ads
1717,31-07-2024,Tier2,,organic
1718,13-10-2024,Tier3,18-24,paid_ads
1719,18-01-2025,Tier2,25-34,paid_ads
1720,01-10-2024,Tier1,25-34,referral
1721,20-01-2025,Tier1,25-34,organic
1722,30-08-2024,Tier3,25-34,organic
1723,25-03-2025,Tier1,55+,referral
1724,30-08-2024,Tier2,45-54,referral
1725,12-04-2024,Tier1,,organic
1726,30-05-2025,Tier1,35-44,organic
1727,04-03-2025,Tier1,45-54,organic
1728,20-10-2024,Tier1,55+,organic
1729,19-08-2024,Tier1,18-24,organic
1730,05-04-2024,Tier3,25-34,referral
1731,15-01-2025,Tier1,35-44,organic
1732,17-06-2025,Tier1,35-44,referral
1733,18-03-2025,Tier2,18-24,referral
1734,04-05-2025,Tier1,25-34,paid_ads
1735,17-04-2025,Tier3,25-34,referral
1736,26-04-2024,Tier3,18-24,referral
1737,11-07-2025,Tier3,18-24,organic
1738,05-02-2025,Tier1,25-34,referral
1739,17-04-2025,Tier1,25-34,paid_ads
1740,11-12-2024,Tier3,55+,referral
1741,01-06-2025,Tier2,35-44,paid_ads
1742,07-07-2025,Tier1,25-34,paid_ads
1743,07-07-2025,,35-44,organic
1744,25-08-2024,Tier1,25-34,referral
1745,03-05-2025,Tier3,18-24,paid_ads
1746,15-05-2025,Tier2,45-54,paid_ads
1747,27-07-2024,Tier1,25-34,organic
1748,05-02-2025,Tier1,18-24,paid_ads
1749,16-05-2025,Tier1,35-44,paid_ads
1750,28-09-2024,Tier3,35-44,referral
1751,22-07-2024,Tier1,45-54,paid_ads
1752,20-02-2025,Tier2,18-24,referral
1753,07-07-2024,Tier1,45-54,organic
1754,12-02-2025,Tier1,45-54,referral
1755,07-08-2024,Tier1,35-44,organic
1756,14-03-2025,Tier3,45-54,paid_ads
1757,22-04-2025,Tier2,55+,organic
1758,05-04-2025,,25-34,referral
1759,28-04-2025,Tier2,45-54,referral
1760,04-03-2025,Tier2,35-44,referral
1761,15-03-2025,Tier1,18-24,referral
1762,04-06-2025,Tier2,18-24,referral
1763,10-06-2024,Tier2,25-34,paid_ads
1764,16-02-2025,Tier2,18-24,referral
1765,20-05-2024,Tier1,55+,paid_ads
1766,07-07-2025,Tier2,45-54,referral
1767,16-02-2025,Tier2,25-34,organic
1768,25-02-2025,Tier1,25-34,organic
1769,21-04-2024,Tier1,18-24,paid_ads
1770,06-09-2024,Tier2,35-44,paid_ads
1771,09-05-2025,Tier3,25-34,organic
1772,12-11-2024,Tier1,35-44,paid_ads
1773,18-04-2024,Tier1,55+,organic
1774,22-01-2025,Tier1,35-44,referral
1775,04-10-2024,Tier1,45-54,organic
1776,10-04-2025,,35-44,paid_ads
1777,07-06-2024,Tier1,18-24,organic
1778,17-05-2024,Tier1,55+,referral
1779,10-07-2025,Tier1,55+,referral
1780,30-08-2024,Tier1,35-44,referral
1781,15-09-2024,Tier1,45-54,referral
1782,18-04-2025,Tier2,25-34,organic
1783,30-10-2024,Tier3,25-34,organic
1784,29-06-2024,Tier1,35-44,paid_ads
1785,12-07-2024,Tier2,18-24,referral
1786,07-06-2024,Tier1,25-34,referral
1787,08-05-2025,,18-24,referral
1788,02-01-2025,Tier2,18-24,referral
1789,23-06-2025,Tier3,45-54,organic
1790,05-10-2024,Tier2,35-44,organic
1791,28-12-2024,Tier2,35-44,paid_ads
1792,13-12-2024,Tier1,25-34,paid_ads
1793,12-07-2025,Tier1,45-54,referral
1794,18-08-2024,Tier3,25-34,organic
1795,31-05-2025,Tier3,25-34,organic
1796,24-06-2024,Tier2,45-54,referral
1797,10-08-2024,Tier3,25-34,referral
1798,12-07-2025,Tier2,25-34,referral
1799,28-05-2025,Tier1,25-34,paid_ads
1800,28-07-2025,Tier2,55+,paid_ads
1801,03-12-2024,Tier1,18-24,referral
1802,18-05-2025,Tier1,25-34,organic
1803,30-08-2024,Tier3,18-24,referral
1804,18-04-2025,Tier2,35-44,organic
1805,20-06-2025,Tier3,55+,paid_ads
1806,21-09-2024,Tier1,25-34,organic
1807,17-05-2025,Tier3,18-24,paid_ads
1808,29-05-2024,Tier2,25-34,organic
1809,26-11-2024,Tier1,25-34,organic
1810,09-05-2024,Tier3,25-34,paid_ads
1811,12-06-2024,,25-34,organic
1812,22-04-2025,Tier1,45-54,referral
1813,25-07-2024,Tier3,55+,paid_ads
1814,15-06-2025,Tier3,35-44,organic
1815,13-03-2025,Tier1,25-34,referral
1816,06-04-2025,Tier1,18-24,referral
1817,12-03-2025,Tier1,25-34,organic
1818,21-10-2024,Tier2,55+,organic
1819,08-06-2025,Tier1,45-54,referral
1820,17-05-2025,Tier1,35-44,referral
1821,11-01-2025,Tier1,35-44,organic
1822,05-10-2024,Tier2,25-34,referral
1823,17-05-2024,Tier3,18-24,referral
1824,10-05-2025,Tier1,55+,organic
1825,20-10-2024,Tier2,35-44,organic
1826,08-04-2024,Tier1,45-54,organic
1827,14-08-2024,Tier3,25-34,paid_ads
1828,31-12-2024,Tier1,25-34,paid_ads
1829,03-06-2024,Tier2,55+,organic
1830,19-11-2024,Tier2,55+,organic
1831,06-10-2024,Tier2,35-44,referral
1832,11-03-2025,Tier1,35-44,organic
1833,19-04-2025,Tier2,45-54,organic
1834,11-03-2025,Tier2,18-24,organic
1835,13-08-2024,Tier1,25-34,referral
1836,25-01-2025,Tier2,25-34,referral
1837,13-10-2024,Tier2,25-34,referral
1838,27-05-2025,Tier3,18-24,referral
1839,21-02-2025,Tier2,45-54,organic
1840,26-07-2025,,45-54,organic
1841,08-10-2024,Tier2,45-54,paid_ads
1842,26-05-2024,Tier2,35-44,referral
1843,12-03-2025,Tier3,35-44,referral
1844,29-07-2024,Tier2,18-24,organic
1845,28-11-2024,Tier2,18-24,referral
1846,13-04-2024,Tier1,35-44,paid_ads
1847,12-02-2025,Tier2,55+,organic
1848,27-06-2025,Tier2,18-24,referral
1849,27-07-2025,Tier1,18-24,organic
1850,13-01-2025,Tier3,18-24,referral
1851,15-09-2024,Tier2,25-34,referral
1852,13-07-2025,Tier1,55+,referral
1853,07-02-2025,Tier2,25-34,organic
1854,23-07-2024,Tier3,25-34,referral
1855,26-02-2025,Tier1,35-44,organic
1856,03-05-2024,Tier3,25-34,organic
1857,20-02-2025,Tier2,25-34,organic
1858,27-05-2025,Tier3,25-34,organic
1859,24-11-2024,Tier1,45-54,organic
1860,10-07-2025,Tier1,18-24,organic
1861,25-03-2025,Tier1,35-44,organic
1862,02-09-2024,Tier3,25-34,referral
1863,27-02-2025,Tier1,25-34,paid_ads
1864,27-10-2024,Tier2,55+,paid_ads
1865,30-05-2024,Tier2,25-34,organic
1866,11-06-2024,Tier2,25-34,paid_ads
1867,24-04-2024,Tier2,35-44,paid_ads
1868,29-07-2025,Tier2,18-24,paid_ads
1869,20-04-2024,Tier1,25-34,organic
1870,03-09-2024,Tier1,25-34,paid_ads
1871,09-12-2024,Tier1,25-34,organic
1872,30-05-2024,Tier3,55+,organic
1873,20-05-2024,Tier3,25-34,organic
1874,30-07-2024,Tier2,18-24,paid_ads
1875,29-06-2025,Tier3,35-44,organic
1876,01-01-2025,Tier3,18-24,organic
1877,09-06-2024,Tier3,25-34,referral
1878,16-10-2024,Tier3,55+,paid_ads
1879,19-11-2024,Tier1,45-54,referral
1880,07-10-2024,Tier1,18-24,referral
1881,10-03-2025,Tier2,35-44,referral
1882,31-07-2025,Tier2,25-34,referral
1883,16-04-2025,Tier2,18-24,organic
1884,23-03-2025,Tier2,35-44,paid_ads
1885,29-07-2025,Tier1,25-34,organic
1886,02-01-2025,Tier1,55+,referral
1887,01-11-2024,Tier1,25-34,referral
1888,26-01-2025,Tier2,25-34,paid_ads
1889,16-04-2025,Tier2,25-34,paid_ads
1890,08-04-2025,Tier2,45-54,referral
1891,19-06-2024,Tier3,35-44,organic
1892,28-06-2025,Tier3,18-24,paid_ads
1893,30-10-2024,Tier1,25-34,organic
1894,02-03-2025,Tier2,18-24,organic
1895,21-05-2024,Tier3,35-44,paid_ads
1896,01-06-2025,Tier2,18-24,organic
1897,07-12-2024,Tier3,35-44,organic
1898,10-02-2025,Tier1,45-54,organic
1899,26-10-2024,Tier3,55+,organic
1900,25-07-2025,Tier1,25-34,paid_ads
1901,01-08-2025,Tier1,55+,paid_ads
1902,22-08-2024,Tier3,35-44,organic
1903,17-04-2024,Tier1,18-24,organic
1904,20-03-2025,Tier2,25-34,organic
1905,07-10-2024,Tier3,25-34,paid_ads
1906,21-07-2024,Tier2,35-44,organic
1907,14-11-2024,Tier3,,paid_ads
1908,14-11-2024,Tier3,35-44,referral
1909,31-07-2025,Tier3,18-24,referral
1910,30-07-2024,Tier2,18-24,organic
1911,12-06-2025,Tier2,25-34,organic
1912,03-10-2024,Tier3,18-24,referral
1913,21-05-2024,Tier2,18-24,organic
1914,18-03-2025,Tier2,45-54,referral
1915,06-10-2024,Tier3,35-44,paid_ads
1916,04-01-2025,Tier2,25-34,referral
1917,06-07-2025,Tier2,35-44,referral
1918,25-02-2025,Tier1,35-44,referral
1919,01-10-2024,Tier1,35-44,referral
1920,02-05-2024,Tier3,18-24,organic
1921,21-10-2024,Tier2,25-34,referral
1922,20-08-2024,Tier2,25-34,referral
1923,07-07-2024,Tier3,45-54,organic
1924,02-06-2024,Tier2,35-44,paid_ads
1925,30-07-2025,Tier3,25-34,organic
1926,09-06-2025,Tier3,25-34,referral
1927,27-05-2025,Tier1,45-54,referral
1928,19-11-2024,Tier3,,organic
1929,17-05-2024,Tier2,55+,organic
1930,06-03-2025,Tier3,55+,organic
1931,18-07-2024,Tier3,35-44,organic
1932,23-02-2025,Tier1,25-34,organic
1933,22-02-2025,Tier2,18-24,referral
1934,31-01-2025,Tier2,35-44,organic
1935,11-04-2024,Tier1,18-24,referral
1936,26-04-2024,Tier1,25-34,paid_ads
1937,08-05-2025,Tier2,35-44,organic
1938,18-09-2024,Tier3,35-44,organic
1939,03-08-2024,Tier1,35-44,organic
1940,04-06-2024,Tier3,18-24,paid_ads
1941,08-05-2025,Tier1,35-44,referral
1942,15-01-2025,Tier2,25-34,organic
1943,15-07-2024,Tier2,35-44,referral
1944,06-05-2024,Tier2,18-24,organic
1945,30-05-2025,Tier3,25-34,paid_ads
1946,27-04-2025,Tier1,18-24,paid_ads
1947,09-01-2025,Tier2,55+,organic
1948,16-07-2024,Tier2,18-24,referral
1949,26-01-2025,Tier3,18-24,referral
1950,20-07-2024,Tier1,25-34,organic
1951,22-05-2025,Tier1,25-34,paid_ads
1952,20-06-2025,Tier1,,referral
1953,29-07-2024,Tier1,18-24,organic
1954,16-09-2024,Tier1,25-34,organic
1955,02-05-2025,Tier3,35-44,paid_ads
1956,15-06-2024,Tier2,35-44,organic
1957,09-05-2025,Tier3,25-34,paid_ads
1958,06-07-2025,Tier1,25-34,organic
1959,31-01-2025,Tier3,25-34,organic
1960,02-04-2024,Tier3,45-54,referral
1961,20-08-2024,Tier2,25-34,organic
1962,14-06-2025,Tier2,25-34,paid_ads
1963,14-06-2024,Tier1,35-44,organic
1964,06-06-2024,Tier1,,referral
1965,02-01-2025,Tier1,18-24,organic
1966,07-08-2024,Tier1,35-44,organic
1967,14-05-2025,Tier3,25-34,organic
1968,29-06-2024,Tier1,18-24,paid_ads
1969,27-05-2024,Tier3,25-34,referral
1970,05-03-2025,Tier2,18-24,paid_ads
1971,18-06-2025,Tier1,45-54,referral
1972,14-04-2024,Tier2,25-34,organic
1973,07-06-2024,Tier2,25-34,organic
1974,08-04-2024,Tier1,45-54,referral
1975,01-10-2024,Tier2,45-54,organic
1976,10-05-2025,Tier1,45-54,organic
1977,09-05-2025,Tier3,45-54,organic
1978,31-07-2024,Tier2,25-34,paid_ads
1979,27-01-2025,Tier1,18-24,organic
1980,13-09-2024,Tier1,25-34,organic
1981,09-04-2024,,18-24,organic
1982,29-06-2024,Tier2,45-54,paid_ads
1983,14-08-2024,Tier1,45-54,paid_ads
1984,27-04-2024,Tier2,18-24,organic
1985,04-06-2024,Tier2,25-34,organic
1986,15-04-2025,Tier2,18-24,paid_ads
1987,02-11-2024,Tier1,35-44,referral
1988,26-12-2024,Tier2,18-24,paid_ads
1989,29-05-2024,Tier1,25-34,paid_ads
1990,17-04-2025,Tier3,18-24,organic
1991,03-05-2024,Tier1,25-34,organic
1992,30-11-2024,Tier1,18-24,organic
1993,16-11-2024,Tier3,35-44,paid_ads
1994,04-05-2025,Tier3,18-24,referral
1995,03-10-2024,Tier3,35-44,referral
1996,19-12-2024,Tier1,18-24,referral
1997,29-01-2025,Tier3,25-34,referral
1998,26-05-2024,Tier2,18-24,referral
1999,18-11-2024,Tier2,25-34,organic
2000,14-12-2024,,18-24,paid_ads
2001,23-07-2024,Tier3,55+,organic
2002,29-07-2025,Tier2,25-34,paid_ads
2003,09-02-2025,Tier1,25-34,paid_ads
2004,23-04-2024,Tier1,45-54,paid_ads
2005,08-04-2025,Tier2,45-54,referral
2006,07-05-2025,Tier3,25-34,paid_ads
2007,10-07-2025,Tier2,18-24,paid_ads
2008,18-06-2025,Tier3,35-44,organic
2009,04-03-2025,Tier1,18-24,referral
2010,23-12-2024,Tier3,55+,organic
2011,02-09-2024,Tier2,35-44,organic
2012,21-11-2024,Tier1,18-24,referral
2013,24-02-2025,Tier1,18-24,organic
2014,16-04-2024,Tier3,25-34,paid_ads
2015,02-05-2024,Tier1,35-44,referral
2016,02-12-2024,Tier2,18-24,paid_ads
2017,08-06-2025,Tier1,25-34,referral
2018,23-10-2024,Tier2,25-34,organic
2019,05-11-2024,Tier3,18-24,paid_ads
2020,18-03-2025,Tier2,25-34,referral
2021,26-05-2024,Tier1,18-24,organic
2022,08-12-2024,Tier3,35-44,paid_ads
2023,31-03-2025,Tier3,25-34,paid_ads
2024,10-07-2025,Tier3,55+,paid_ads
2025,14-11-2024,Tier1,35-44,organic
2026,08-05-2024,Tier3,18-24,organic
2027,05-07-2025,Tier2,25-34,organic
2028,12-05-2024,Tier3,25-34,paid_ads
2029,12-09-2024,Tier3,25-34,organic
2030,06-02-2025,Tier1,25-34,organic
2031,15-06-2024,Tier2,35-44,organic
2032,04-05-2024,Tier1,55+,organic
2033,04-06-2024,Tier1,35-44,referral
2034,19-08-2024,Tier2,18-24,referral
2035,14-02-2025,Tier3,25-34,referral
2036,19-02-2025,Tier2,25-34,referral
2037,25-01-2025,Tier1,55+,organic
2038,06-01-2025,Tier2,45-54,referral
2039,31-03-2025,Tier3,18-24,referral
2040,14-09-2024,Tier2,45-54,referral
2041,13-10-2024,Tier1,25-34,organic
2042,31-01-2025,Tier2,35-44,organic
2043,28-12-2024,Tier1,45-54,paid_ads
2044,29-08-2024,Tier2,25-34,referral
2045,19-11-2024,Tier3,18-24,organic
2046,15-12-2024,Tier1,55+,organic
2047,04-02-2025,Tier1,55+,organic
2048,07-11-2024,Tier2,25-34,paid_ads
2049,21-05-2024,Tier1,25-34,organic
2050,12-05-2025,Tier2,18-24,paid_ads
2051,26-03-2025,,25-34,paid_ads
2052,29-05-2024,Tier2,18-24,organic
2053,11-06-2025,Tier1,45-54,organic
2054,02-03-2025,Tier2,25-34,organic
2055,28-02-2025,Tier2,35-44,organic
2056,24-06-2025,Tier1,45-54,organic
2057,29-04-2025,Tier2,,organic
2058,08-01-2025,Tier2,25-34,organic
2059,05-04-2025,Tier2,25-34,organic
2060,18-06-2025,Tier3,18-24,paid_ads
2061,20-07-2024,Tier3,25-34,organic
2062,07-11-2024,Tier3,35-44,organic
2063,18-11-2024,Tier3,55+,paid_ads
2064,29-06-2025,,45-54,organic
2065,26-07-2024,Tier3,45-54,referral
2066,29-10-2024,Tier1,18-24,referral
2067,21-09-2024,Tier1,25-34,referral
2068,29-05-2025,Tier3,18-24,referral
2069,19-11-2024,Tier2,35-44,referral
2070,22-10-2024,Tier2,18-24,organic
2071,30-10-2024,Tier3,25-34,paid_ads
2072,09-04-2025,Tier3,18-24,referral
2073,19-05-2024,Tier1,35-44,paid_ads
2074,08-09-2024,Tier1,45-54,referral
2075,05-11-2024,Tier2,45-54,organic
2076,08-09-2024,Tier1,18-24,referral
2077,07-03-2025,Tier1,25-34,organic
2078,09-08-2024,Tier2,25-34,referral
2079,09-10-2024,Tier2,25-34,organic
2080,02-08-2025,Tier2,25-34,paid_ads
2081,18-06-2024,Tier2,25-34,organic
2082,18-03-2025,Tier2,55+,organic
2083,17-07-2025,Tier1,35-44,referral
2084,29-11-2024,Tier1,25-34,referral
2085,05-05-2024,Tier2,45-54,referral
2086,17-05-2024,Tier2,25-34,organic
2087,31-05-2025,Tier3,18-24,paid_ads
2088,14-05-2024,Tier2,18-24,paid_ads
2089,18-05-2024,Tier1,25-34,organic
2090,08-11-2024,Tier2,18-24,organic
2091,20-05-2024,Tier1,25-34,organic
2092,17-04-2025,Tier3,45-54,organic
2093,14-04-2025,Tier1,25-34,organic
2094,08-10-2024,Tier3,25-34,referral
2095,21-05-2025,Tier1,25-34,referral
2096,06-06-2024,Tier1,45-54,referral
2097,10-01-2025,Tier2,25-34,paid_ads
2098,01-05-2024,Tier1,18-24,paid_ads
2099,26-01-2025,,35-44,referral
2100,13-01-2025,Tier2,55+,paid_ads
2101,13-01-2025,Tier3,25-34,referral
2102,16-09-2024,Tier1,18-24,organic
2103,10-03-2025,Tier2,55+,organic
2104,02-06-2024,Tier2,18-24,organic
2105,28-10-2024,Tier2,18-24,referral
2106,29-09-2024,Tier2,18-24,organic
2107,22-06-2025,Tier1,55+,organic
2108,07-03-2025,Tier1,35-44,organic
2109,26-07-2025,Tier3,18-24,paid_ads
2110,20-04-2025,Tier1,25-34,referral
2111,03-11-2024,Tier1,25-34,referral
2112,19-06-2025,Tier3,45-54,referral
2113,13-07-2025,Tier2,18-24,referral
2114,05-04-2025,Tier2,18-24,paid_ads
2115,27-04-2024,Tier2,25-34,paid_ads
2116,26-08-2024,Tier3,45-54,organic
2117,02-02-2025,Tier2,25-34,organic
2118,07-09-2024,Tier1,25-34,organic
2119,28-09-2024,Tier1,35-44,paid_ads
2120,24-05-2024,Tier2,55+,referral
2121,21-01-2025,Tier1,55+,paid_ads
2122,16-12-2024,Tier3,25-34,organic
2123,18-07-2024,Tier1,18-24,paid_ads
2124,19-06-2024,Tier3,55+,organic
2125,03-03-2025,,25-34,organic
2126,03-12-2024,Tier2,55+,organic
2127,24-07-2024,Tier3,35-44,organic
2128,08-06-2025,Tier2,35-44,organic
2129,26-05-2024,Tier3,25-34,referral
2130,27-09-2024,Tier3,45-54,referral
2131,07-06-2025,Tier2,25-34,organic
2132,10-01-2025,Tier1,45-54,organic
2133,06-10-2024,Tier2,18-24,paid_ads
2134,29-05-2024,Tier3,25-34,paid_ads
2135,26-04-2025,Tier3,45-54,referral
2136,21-08-2024,Tier3,35-44,paid_ads
2137,19-01-2025,Tier2,25-34,paid_ads
2138,25-07-2024,Tier1,18-24,paid_ads
2139,19-05-2025,Tier2,35-44,referral
2140,06-11-2024,Tier2,45-54,referral
2141,07-06-2025,,45-54,referral
2142,13-01-2025,Tier2,45-54,paid_ads
2143,28-04-2025,Tier2,25-34,organic
2144,25-05-2025,Tier2,18-24,paid_ads
2145,13-02-2025,Tier1,18-24,referral
2146,09-02-2025,Tier3,18-24,paid_ads
2147,12-03-2025,Tier2,45-54,paid_ads
2148,24-02-2025,Tier3,18-24,paid_ads
2149,11-01-2025,Tier3,25-34,referral
2150,14-04-2024,Tier2,35-44,referral
2151,06-02-2025,Tier3,18-24,paid_ads
2152,20-07-2025,Tier2,18-24,referral
2153,03-03-2025,Tier3,55+,referral
2154,30-05-2025,Tier1,55+,organic
2155,22-03-2025,Tier1,18-24,organic
2156,15-08-2024,Tier1,45-54,referral
2157,15-04-2024,Tier2,45-54,organic
2158,02-07-2024,Tier3,18-24,referral
2159,18-08-2024,Tier1,45-54,organic
2160,26-03-2025,Tier1,35-44,referral
2161,26-04-2025,Tier1,25-34,organic
2162,06-09-2024,Tier2,18-24,organic
2163,16-07-2025,Tier1,,organic
2164,21-09-2024,Tier2,25-34,organic
2165,27-09-2024,Tier1,45-54,organic
2166,04-04-2024,Tier2,25-34,organic
2167,02-07-2024,Tier2,18-24,paid_ads
2168,20-06-2025,Tier3,18-24,paid_ads
2169,13-06-2024,Tier1,25-34,organic
2170,15-01-2025,Tier2,18-24,referral
2171,03-03-2025,Tier2,35-44,organic
2172,23-10-2024,Tier2,18-24,organic
2173,06-05-2024,Tier1,35-44,organic
2174,12-06-2024,Tier1,35-44,referral
2175,15-04-2025,Tier2,35-44,referral
2176,19-02-2025,Tier3,18-24,organic
2177,16-04-2024,Tier2,25-34,referral
2178,17-05-2024,Tier2,25-34,paid_ads
2179,18-04-2025,Tier2,45-54,paid_ads
2180,28-12-2024,Tier3,25-34,paid_ads
2181,20-07-2024,Tier3,25-34,organic
2182,10-10-2024,Tier2,,organic
2183,01-11-2024,Tier2,35-44,organic
2184,19-11-2024,Tier2,55+,organic
2185,22-09-2024,Tier1,35-44,organic
2186,20-06-2024,Tier2,,referral
2187,07-10-2024,Tier2,18-24,organic
2188,07-09-2024,Tier1,18-24,referral
2189,05-04-2025,Tier1,45-54,paid_ads
2190,14-09-2024,Tier2,25-34,organic
2191,03-05-2025,Tier2,45-54,referral
2192,27-07-2025,Tier3,18-24,referral
2193,16-01-2025,Tier1,25-34,organic
2194,31-01-2025,Tier2,18-24,paid_ads
2195,14-05-2024,Tier1,25-34,referral
2196,27-06-2025,Tier3,35-44,organic
2197,27-04-2024,Tier2,35-44,paid_ads
2198,19-06-2024,Tier2,18-24,paid_ads
2199,20-06-2024,Tier2,25-34,organic
2200,22-04-2025,Tier1,25-34,organic
2201,11-02-2025,Tier1,55+,referral
2202,26-04-2024,Tier3,45-54,referral
2203,12-03-2025,Tier1,25-34,organic
2204,12-05-2024,Tier1,35-44,referral
2205,18-08-2024,Tier2,25-34,paid_ads
2206,13-11-2024,Tier3,,organic
2207,05-03-2025,Tier1,25-34,referral
2208,04-11-2024,Tier2,25-34,organic
2209,05-12-2024,Tier2,18-24,paid_ads
2210,05-02-2025,Tier2,18-24,paid_ads
2211,13-11-2024,Tier3,45-54,organic
2212,30-10-2024,Tier2,35-44,paid_ads
2213,18-08-2024,Tier1,25-34,paid_ads
2214,20-07-2024,Tier2,18-24,referral
2215,22-04-2025,Tier1,35-44,referral
2216,19-12-2024,Tier3,35-44,paid_ads
2217,29-05-2024,Tier2,35-44,organic
2218,24-09-2024,Tier2,18-24,paid_ads
2219,07-11-2024,Tier1,18-24,paid_ads
2220,27-05-2024,Tier1,18-24,organic
2221,24-08-2024,Tier2,25-34,organic
2222,14-03-2025,Tier2,35-44,referral
2223,14-03-2025,Tier1,45-54,organic
2224,29-01-2025,Tier2,18-24,organic
2225,06-12-2024,Tier2,55+,organic
2226,26-12-2024,Tier3,45-54,referral
2227,08-03-2025,Tier2,35-44,paid_ads
2228,05-09-2024,Tier3,45-54,paid_ads
2229,24-04-2024,,25-34,organic
2230,22-07-2024,Tier3,35-44,organic
2231,20-10-2024,Tier1,45-54,referral
2232,01-02-2025,Tier2,18-24,referral
2233,29-04-2024,Tier3,18-24,organic
2234,04-04-2024,Tier3,35-44,referral
2235,14-07-2024,Tier3,25-34,organic
2236,02-09-2024,Tier2,55+,paid_ads
2237,29-07-2025,Tier3,55+,referral
2238,18-07-2024,Tier2,45-54,organic
2239,28-04-2025,Tier2,25-34,organic
2240,10-06-2024,Tier3,45-54,paid_ads
2241,27-04-2025,Tier2,18-24,referral
2242,09-08-2024,Tier3,35-44,paid_ads
2243,27-08-2024,,35-44,organic
2244,15-09-2024,Tier1,35-44,organic
2245,01-06-2024,Tier3,25-34,referral
2246,04-04-2024,Tier2,35-44,referral
2247,11-12-2024,Tier2,55+,organic
2248,18-04-2025,Tier2,18-24,organic
2249,07-11-2024,Tier2,25-34,organic
2250,29-06-2024,Tier3,55+,organic
2251,06-06-2024,Tier2,25-34,referral
2252,12-10-2024,Tier2,35-44,referral
2253,29-12-2024,Tier2,25-34,organic
2254,27-03-2025,Tier1,18-24,organic
2255,27-07-2024,Tier2,35-44,organic
2256,13-12-2024,Tier3,,referral
2257,12-01-2025,Tier2,18-24,referral
2258,01-06-2025,Tier2,35-44,organic
2259,09-03-2025,Tier3,35-44,referral
2260,18-05-2025,Tier2,18-24,referral
2261,29-09-2024,Tier1,25-34,paid_ads
2262,07-05-2024,Tier1,35-44,organic
2263,21-10-2024,Tier2,,paid_ads
2264,16-06-2025,Tier1,55+,referral
2265,15-04-2025,Tier1,18-24,organic
2266,22-04-2024,Tier3,25-34,referral
2267,10-11-2024,Tier2,25-34,organic
2268,10-04-2024,Tier1,45-54,paid_ads
2269,22-11-2024,Tier2,35-44,organic
2270,16-07-2025,Tier2,18-24,referral
2271,10-05-2024,Tier2,45-54,organic
2272,16-06-2025,Tier1,55+,organic
2273,08-09-2024,Tier2,18-24,organic
2274,20-01-2025,Tier3,45-54,referral
2275,06-11-2024,Tier1,25-34,paid_ads
2276,19-01-2025,Tier3,35-44,referral
2277,25-10-2024,Tier1,45-54,organic
2278,30-03-2025,Tier3,25-34,paid_ads
2279,22-02-2025,Tier2,25-34,organic
2280,31-10-2024,Tier3,45-54,paid_ads
2281,27-08-2024,Tier1,45-54,referral
2282,29-05-2024,Tier3,35-44,organic
2283,25-10-2024,Tier3,35-44,organic
2284,11-04-2024,Tier2,35-44,referral
2285,14-09-2024,Tier2,35-44,paid_ads
2286,27-06-2024,Tier1,25-34,paid_ads
2287,16-05-2025,Tier2,25-34,referral
2288,30-07-2025,Tier2,25-34,referral
2289,11-02-2025,Tier1,18-24,organic
2290,22-11-2024,Tier2,25-34,referral
2291,31-05-2025,Tier2,25-34,referral
2292,20-03-2025,Tier3,18-24,paid_ads
2293,15-07-2025,Tier2,45-54,organic
2294,03-10-2024,Tier1,18-24,organic
2295,16-05-2024,Tier3,18-24,referral
2296,10-11-2024,Tier2,35-44,organic
2297,07-06-2025,Tier3,18-24,paid_ads
2298,25-05-2024,Tier3,18-24,paid_ads
2299,03-08-2024,Tier3,18-24,paid_ads
2300,10-11-2024,Tier3,35-44,paid_ads
2301,27-01-2025,Tier2,25-34,referral
2302,23-10-2024,Tier1,35-44,referral
2303,25-12-2024,Tier2,55+,paid_ads
2304,11-05-2024,Tier1,25-34,organic
2305,20-10-2024,Tier3,18-24,paid_ads
2306,20-06-2025,Tier2,25-34,referral
2307,06-09-2024,Tier3,45-54,organic
2308,17-04-2025,Tier3,18-24,referral
2309,21-09-2024,Tier2,25-34,referral
2310,23-07-2024,Tier1,35-44,referral
2311,18-09-2024,Tier3,35-44,referral
2312,04-05-2025,Tier3,25-34,referral
2313,26-06-2024,Tier2,35-44,organic
2314,10-05-2024,Tier2,25-34,referral
2315,18-12-2024,Tier1,18-24,referral
2316,19-02-2025,Tier2,35-44,referral
2317,29-05-2024,Tier1,25-34,organic
2318,28-12-2024,Tier1,25-34,organic
2319,18-12-2024,Tier2,25-34,paid_ads
2320,09-07-2024,Tier2,18-24,organic
2321,08-07-2025,Tier3,18-24,referral
2322,03-05-2025,Tier2,45-54,referral
2323,26-09-2024,Tier1,25-34,referral
2324,27-09-2024,Tier2,55+,paid_ads
2325,08-04-2025,Tier2,18-24,paid_ads
2326,25-05-2025,Tier2,25-34,paid_ads
2327,25-02-2025,Tier1,35-44,organic
2328,23-05-2025,,25-34,organic
2329,15-06-2024,Tier2,18-24,paid_ads
2330,30-07-2024,Tier1,35-44,referral
2331,23-05-2024,Tier3,25-34,referral
2332,14-06-2024,Tier3,18-24,referral
2333,10-08-2024,Tier3,45-54,referral
2334,11-07-2024,Tier3,18-24,organic
2335,28-06-2024,Tier3,25-34,referral
2336,03-02-2025,Tier2,45-54,paid_ads
2337,18-06-2024,Tier3,45-54,referral
2338,25-04-2025,Tier3,25-34,organic
2339,24-04-2025,Tier1,45-54,organic
2340,02-03-2025,Tier1,35-44,paid_ads
2341,09-05-2024,Tier3,18-24,organic
2342,30-06-2024,Tier2,45-54,referral
2343,01-08-2025,Tier2,18-24,referral
2344,01-05-2025,Tier3,18-24,organic
2345,16-02-2025,Tier2,25-34,paid_ads
2346,09-12-2024,Tier1,25-34,referral
2347,24-11-2024,Tier3,25-34,paid_ads
2348,22-04-2025,Tier2,55+,paid_ads
2349,14-01-2025,Tier3,18-24,organic
2350,25-04-2025,Tier1,18-24,referral
2351,22-01-2025,Tier2,25-34,paid_ads
2352,16-11-2024,Tier2,25-34,organic
2353,15-03-2025,Tier2,35-44,organic
2354,18-07-2025,Tier1,18-24,referral
2355,26-06-2025,Tier2,25-34,paid_ads
2356,15-01-2025,Tier2,25-34,referral
2357,24-02-2025,Tier3,,organic
2358,20-02-2025,Tier3,18-24,paid_ads
2359,14-02-2025,Tier2,,organic
2360,13-09-2024,Tier1,35-44,organic
2361,17-06-2025,Tier1,25-34,organic
2362,16-02-2025,Tier1,35-44,paid_ads
2363,09-09-2024,Tier2,35-44,organic
2364,17-06-2024,Tier1,25-34,paid_ads
2365,12-11-2024,Tier3,25-34,referral
2366,05-05-2024,Tier1,,paid_ads
2367,27-11-2024,Tier3,55+,paid_ads
2368,13-11-2024,Tier2,35-44,referral
2369,18-02-2025,Tier1,45-54,paid_ads
2370,03-09-2024,Tier3,18-24,organic
2371,13-05-2025,Tier1,45-54,referral
2372,19-08-2024,Tier2,18-24,organic
2373,28-01-2025,Tier1,18-24,referral
2374,29-04-2024,Tier1,25-34,referral
2375,28-09-2024,Tier2,18-24,paid_ads
2376,16-12-2024,Tier3,55+,referral
2377,08-05-2024,Tier2,35-44,organic
2378,06-09-2024,Tier1,25-34,referral
2379,23-11-2024,Tier2,18-24,referral
2380,18-11-2024,Tier3,25-34,referral
2381,20-04-2024,Tier2,35-44,paid_ads
2382,30-04-2024,Tier1,18-24,paid_ads
2383,06-10-2024,Tier3,55+,organic
2384,31-05-2025,Tier3,25-34,organic
2385,25-08-2024,Tier3,35-44,organic
2386,10-05-2024,Tier2,25-34,organic
2387,25-02-2025,Tier1,18-24,organic
2388,17-06-2025,Tier3,55+,organic
2389,12-06-2025,Tier2,45-54,paid_ads
2390,17-05-2024,Tier1,35-44,referral
2391,09-02-2025,Tier1,25-34,referral
2392,30-01-2025,Tier2,45-54,referral
2393,16-12-2024,Tier3,18-24,organic
2394,14-10-2024,Tier1,25-34,organic
2395,23-11-2024,Tier3,18-24,organic
2396,23-01-2025,Tier2,18-24,organic
2397,09-01-2025,Tier3,25-34,organic
2398,02-08-2025,Tier3,18-24,referral
2399,11-05-2025,Tier2,25-34,organic
2400,14-04-2025,Tier2,25-34,organic
2401,03-07-2025,Tier2,18-24,organic
2402,22-04-2024,Tier3,25-34,paid_ads
2403,17-11-2024,Tier3,18-24,referral
2404,10-07-2025,Tier1,45-54,paid_ads
2405,20-05-2025,Tier3,18-24,paid_ads
2406,18-01-2025,Tier1,35-44,organic
2407,28-02-2025,Tier2,45-54,referral
2408,06-07-2024,Tier1,35-44,organic
2409,12-09-2024,Tier2,18-24,organic
2410,04-02-2025,Tier1,18-24,organic
2411,30-11-2024,Tier2,18-24,organic
2412,13-12-2024,Tier3,25-34,referral
2413,17-06-2024,Tier1,18-24,organic
2414,02-05-2024,Tier1,35-44,referral
2415,17-11-2024,Tier1,45-54,referral
2416,23-05-2024,Tier2,18-24,organic
2417,21-05-2025,Tier3,18-24,organic
2418,05-07-2025,Tier3,35-44,paid_ads
2419,03-06-2025,Tier1,35-44,organic
2420,23-09-2024,Tier1,25-34,referral
2421,01-04-2025,Tier1,45-54,organic
2422,14-05-2024,Tier2,25-34,organic
2423,15-12-2024,Tier3,25-34,paid_ads
2424,25-02-2025,Tier3,35-44,organic
2425,28-06-2024,Tier3,45-54,referral
2426,21-04-2024,Tier1,45-54,referral
2427,05-08-2024,Tier1,25-34,organic
2428,29-03-2025,Tier2,45-54,organic
2429,11-11-2024,Tier1,25-34,referral
2430,11-11-2024,Tier2,35-44,organic
2431,25-12-2024,Tier1,35-44,referral
2432,24-12-2024,Tier3,18-24,paid_ads
2433,07-02-2025,Tier1,35-44,organic
2434,21-06-2024,Tier3,35-44,referral
2435,04-10-2024,Tier1,35-44,referral
2436,08-10-2024,Tier1,35-44,paid_ads
2437,14-07-2025,Tier3,25-34,referral
2438,23-08-2024,Tier3,18-24,organic
2439,16-10-2024,Tier3,25-34,organic
2440,27-10-2024,Tier3,35-44,organic
2441,02-05-2025,Tier1,55+,paid_ads
2442,21-09-2024,Tier1,45-54,referral
2443,14-03-2025,Tier1,25-34,referral
2444,01-02-2025,Tier2,25-34,referral
2445,27-04-2024,Tier3,35-44,organic
2446,10-05-2025,Tier2,55+,referral
2447,18-02-2025,Tier3,18-24,organic
2448,26-02-2025,Tier1,25-34,organic
2449,19-09-2024,Tier1,35-44,referral
2450,04-05-2024,Tier2,55+,organic
2451,16-09-2024,Tier1,35-44,organic
2452,19-05-2024,Tier3,35-44,paid_ads
2453,11-01-2025,Tier2,45-54,organic
2454,14-03-2025,Tier3,35-44,paid_ads
2455,15-10-2024,Tier2,25-34,referral
2456,24-08-2024,Tier3,18-24,paid_ads
2457,08-08-2024,Tier3,25-34,referral
2458,06-04-2025,Tier2,45-54,organic
2459,11-06-2025,Tier3,18-24,organic
2460,03-03-2025,Tier1,45-54,referral
2461,09-07-2025,Tier3,35-44,organic
2462,03-02-2025,Tier1,25-34,paid_ads
2463,22-06-2025,Tier2,55+,paid_ads
2464,16-06-2024,Tier2,25-34,paid_ads
2465,18-09-2024,Tier2,18-24,organic
2466,12-05-2024,Tier1,45-54,paid_ads
2467,24-01-2025,Tier1,18-24,referral
2468,06-03-2025,Tier1,25-34,organic
2469,12-06-2024,Tier1,18-24,referral
2470,14-07-2025,,35-44,referral
2471,27-09-2024,Tier2,55+,organic
2472,06-09-2024,Tier2,45-54,paid_ads
2473,02-03-2025,,18-24,referral
2474,24-03-2025,Tier2,18-24,referral
2475,06-03-2025,Tier3,18-24,paid_ads
2476,18-10-2024,Tier1,35-44,organic
2477,06-06-2024,Tier2,18-24,paid_ads
2478,30-01-2025,Tier1,55+,organic
2479,29-03-2025,Tier2,55+,referral
2480,25-07-2025,Tier1,25-34,organic
2481,14-05-2024,Tier3,35-44,referral
2482,06-09-2024,Tier1,55+,organic
2483,12-01-2025,Tier3,18-24,paid_ads
2484,10-10-2024,Tier1,18-24,organic
2485,24-02-2025,Tier3,35-44,paid_ads
2486,11-05-2025,Tier1,35-44,organic
2487,16-09-2024,Tier2,25-34,organic
2488,22-05-2025,Tier2,35-44,referral
2489,05-06-2024,Tier2,25-34,organic
2490,10-03-2025,Tier3,18-24,paid_ads
2491,26-03-2025,Tier2,25-34,paid_ads
2492,30-05-2025,Tier2,18-24,referral
2493,29-07-2025,Tier1,55+,organic
2494,14-04-2025,Tier1,18-24,organic
2495,17-03-2025,Tier3,35-44,paid_ads
2496,12-07-2025,Tier2,55+,organic
2497,26-12-2024,,25-34,organic
2498,18-05-2024,Tier2,25-34,referral
2499,25-02-2025,Tier3,45-54,organic
2500,10-03-2025,Tier3,18-24,organic
2501,03-11-2024,Tier2,35-44,organic
2502,17-12-2024,Tier3,35-44,organic
2503,03-10-2024,Tier2,35-44,paid_ads
2504,10-04-2024,Tier2,18-24,referral
2505,03-10-2024,Tier1,25-34,organic
2506,06-09-2024,Tier1,18-24,paid_ads
2507,02-07-2024,Tier1,45-54,paid_ads
2508,31-07-2025,Tier3,55+,organic
2509,19-07-2024,Tier3,25-34,referral
2510,22-09-2024,Tier1,18-24,referral
2511,30-07-2025,,35-44,organic
2512,28-04-2025,Tier2,18-24,organic
2513,05-12-2024,Tier3,25-34,paid_ads
2514,08-07-2024,Tier2,25-34,referral
2515,25-07-2024,Tier3,25-34,referral
2516,10-06-2024,Tier1,18-24,referral
2517,19-06-2024,Tier2,45-54,referral
2518,10-05-2024,Tier3,45-54,paid_ads
2519,30-08-2024,Tier2,25-34,paid_ads
2520,07-06-2025,Tier2,55+,organic
2521,09-05-2025,Tier2,25-34,paid_ads
2522,22-05-2024,Tier2,25-34,referral
2523,16-12-2024,Tier1,18-24,organic
2524,30-04-2025,Tier3,25-34,paid_ads
2525,02-01-2025,Tier3,18-24,organic
2526,02-06-2025,Tier2,25-34,paid_ads
2527,14-04-2025,Tier1,25-34,organic
2528,27-06-2025,Tier1,18-24,organic
2529,26-12-2024,,18-24,organic
2530,20-04-2024,Tier2,45-54,organic
2531,05-03-2025,Tier1,35-44,paid_ads
2532,20-09-2024,Tier2,45-54,referral
2533,23-06-2025,Tier3,,paid_ads
2534,28-04-2025,Tier2,18-24,organic
2535,11-02-2025,Tier2,35-44,referral
2536,07-06-2024,Tier1,25-34,paid_ads
2537,31-01-2025,Tier3,25-34,paid_ads
2538,10-10-2024,Tier1,18-24,paid_ads
2539,18-06-2024,Tier1,25-34,referral
2540,23-06-2024,Tier1,45-54,paid_ads
2541,02-07-2024,Tier2,25-34,paid_ads
2542,31-05-2025,Tier1,25-34,organic
2543,21-03-2025,Tier2,18-24,referral
2544,30-04-2025,Tier1,18-24,organic
2545,14-02-2025,Tier1,35-44,referral
2546,20-05-2025,Tier2,25-34,referral
2547,07-07-2025,Tier2,45-54,paid_ads
2548,24-06-2024,Tier1,25-34,referral
2549,05-04-2025,Tier3,55+,organic
2550,11-11-2024,Tier3,18-24,organic
2551,23-04-2024,Tier1,25-34,organic
2552,28-10-2024,Tier1,18-24,referral
2553,04-10-2024,Tier2,25-34,paid_ads
2554,13-03-2025,Tier2,45-54,paid_ads
2555,04-04-2025,Tier2,18-24,paid_ads
2556,31-07-2024,Tier3,25-34,paid_ads
2557,14-11-2024,Tier1,45-54,referral
2558,07-02-2025,Tier2,25-34,referral
2559,24-08-2024,Tier1,35-44,referral
2560,21-04-2025,Tier1,25-34,paid_ads
2561,19-04-2025,Tier1,25-34,referral
2562,07-05-2025,Tier3,45-54,organic
2563,16-11-2024,Tier1,25-34,referral
2564,29-07-2024,Tier1,18-24,paid_ads
2565,30-12-2024,Tier2,18-24,paid_ads
2566,01-08-2024,Tier3,55+,paid_ads
2567,06-09-2024,,25-34,referral
2568,20-05-2025,Tier2,25-34,organic
2569,07-05-2025,Tier1,25-34,paid_ads
2570,27-11-2024,Tier3,25-34,referral
2571,07-07-2025,Tier2,,paid_ads
2572,02-06-2025,Tier1,18-24,organic
2573,09-07-2024,Tier1,18-24,paid_ads
2574,06-10-2024,Tier3,55+,referral
2575,14-03-2025,Tier1,45-54,organic
2576,29-07-2025,Tier3,55+,organic
2577,18-01-2025,Tier3,18-24,paid_ads
2578,12-11-2024,Tier2,25-34,paid_ads
2579,23-11-2024,Tier1,25-34,referral
2580,29-04-2025,Tier1,18-24,referral
2581,23-08-2024,Tier2,18-24,paid_ads
2582,04-05-2025,Tier1,18-24,organic
2583,13-10-2024,Tier3,35-44,referral
2584,14-12-2024,Tier2,45-54,organic
2585,27-12-2024,Tier2,45-54,organic
2586,01-11-2024,Tier2,35-44,organic
2587,22-06-2024,Tier2,55+,referral
2588,24-05-2025,Tier2,35-44,referral
2589,12-07-2024,Tier2,18-24,organic
2590,16-05-2025,Tier1,35-44,organic
2591,04-02-2025,Tier3,45-54,paid_ads
2592,10-06-2024,Tier1,25-34,paid_ads
2593,21-06-2025,Tier2,55+,referral
2594,07-08-2024,Tier2,,paid_ads
2595,27-04-2024,Tier2,45-54,paid_ads
2596,23-02-2025,Tier2,45-54,organic
2597,03-12-2024,Tier1,55+,organic
2598,22-06-2025,Tier3,25-34,paid_ads
2599,08-10-2024,Tier2,35-44,organic
2600,09-01-2025,Tier2,25-34,referral
2601,23-07-2025,Tier2,18-24,organic
2602,23-05-2024,Tier1,35-44,organic
2603,31-03-2025,Tier1,45-54,paid_ads
2604,08-06-2025,Tier2,45-54,paid_ads
2605,21-12-2024,Tier1,35-44,referral
2606,10-06-2025,Tier2,25-34,referral
2607,03-06-2024,Tier2,45-54,organic
2608,24-08-2024,Tier2,18-24,organic
2609,13-05-2024,Tier2,25-34,paid_ads
2610,26-04-2025,Tier2,25-34,referral
2611,22-06-2024,Tier3,55+,paid_ads
2612,18-08-2024,Tier3,35-44,organic
2613,17-11-2024,Tier3,55+,referral
2614,08-07-2025,Tier3,25-34,paid_ads
2615,19-12-2024,Tier2,25-34,organic
2616,15-06-2024,Tier2,55+,paid_ads
2617,31-05-2025,Tier2,25-34,organic
2618,10-11-2024,Tier1,45-54,referral
2619,17-05-2024,Tier1,25-34,referral
2620,29-07-2025,Tier1,25-34,referral
2621,11-07-2025,Tier3,18-24,referral
2622,23-07-2024,Tier2,55+,organic
2623,24-05-2025,Tier2,18-24,organic
2624,17-11-2024,Tier1,,referral
2625,27-06-2025,Tier2,18-24,organic
2626,26-09-2024,Tier1,25-34,referral
2627,21-07-2025,Tier1,25-34,referral
2628,14-04-2024,Tier2,35-44,organic
2629,30-10-2024,Tier2,25-34,referral
2630,28-04-2024,Tier2,35-44,paid_ads
2631,20-10-2024,Tier3,25-34,paid_ads
2632,14-12-2024,Tier3,18-24,referral
2633,09-10-2024,Tier1,45-54,referral
2634,30-07-2024,Tier1,25-34,referral
2635,15-10-2024,Tier1,25-34,referral
2636,12-05-2024,Tier2,45-54,referral
2637,09-10-2024,Tier2,45-54,paid_ads
2638,24-07-2024,Tier1,,organic
2639,15-04-2024,Tier2,25-34,paid_ads
2640,11-09-2024,Tier3,55+,organic
2641,21-07-2025,Tier3,18-24,organic
2642,21-05-2024,,25-34,paid_ads
2643,04-06-2025,Tier2,45-54,referral
2644,01-04-2025,Tier2,55+,paid_ads
2645,27-02-2025,Tier3,45-54,organic
2646,19-09-2024,Tier3,35-44,referral
2647,11-05-2025,Tier2,45-54,organic
2648,14-06-2024,Tier1,35-44,referral
2649,10-06-2024,,35-44,paid_ads
2650,20-04-2024,Tier2,25-34,organic
2651,25-08-2024,Tier1,55+,referral
2652,14-07-2025,Tier1,45-54,referral
2653,30-05-2025,Tier3,45-54,paid_ads
2654,28-11-2024,Tier1,25-34,organic
2655,23-03-2025,Tier3,18-24,organic
2656,31-05-2025,Tier2,55+,referral
2657,11-06-2024,Tier3,25-34,paid_ads
2658,24-04-2025,Tier2,35-44,referral
2659,28-03-2025,Tier2,55+,organic
2660,27-11-2024,Tier3,25-34,referral
2661,16-11-2024,Tier3,55+,paid_ads
2662,10-02-2025,Tier1,45-54,paid_ads
2663,03-04-2024,Tier3,45-54,paid_ads
2664,08-07-2025,Tier2,55+,organic
2665,11-05-2024,,35-44,organic
2666,10-04-2024,Tier1,25-34,paid_ads
2667,10-08-2024,Tier1,18-24,organic
2668,20-07-2024,Tier1,,paid_ads
2669,02-06-2025,Tier1,45-54,organic
2670,16-06-2024,Tier2,25-34,organic
2671,06-01-2025,Tier3,35-44,organic
2672,26-07-2025,Tier2,18-24,referral
2673,08-04-2025,Tier1,18-24,referral
2674,06-02-2025,Tier1,45-54,paid_ads
2675,27-12-2024,Tier2,25-34,referral
2676,03-11-2024,Tier2,55+,organic
2677,27-05-2024,Tier2,25-34,referral
2678,03-05-2025,Tier1,25-34,paid_ads
2679,26-08-2024,Tier3,18-24,paid_ads
2680,31-07-2024,Tier1,18-24,organic
2681,02-09-2024,Tier1,45-54,paid_ads
2682,02-06-2024,Tier2,25-34,referral
2683,25-04-2024,Tier2,45-54,organic
2684,01-08-2024,Tier2,18-24,organic
2685,01-11-2024,Tier1,18-24,organic
2686,22-02-2025,Tier3,25-34,organic
2687,12-05-2025,Tier2,45-54,paid_ads
2688,13-02-2025,Tier1,35-44,organic
2689,21-11-2024,Tier3,35-44,organic
2690,03-05-2024,Tier3,35-44,organic
2691,27-05-2024,Tier1,18-24,referral
2692,03-06-2025,Tier2,25-34,referral
2693,08-07-2025,Tier2,35-44,referral
2694,12-12-2024,Tier1,18-24,organic
2695,31-01-2025,Tier3,18-24,referral
2696,31-12-2024,Tier2,35-44,paid_ads
2697,09-04-2024,Tier1,18-24,organic
2698,18-02-2025,Tier2,25-34,paid_ads
2699,20-12-2024,Tier1,25-34,organic
2700,20-01-2025,Tier2,18-24,referral
2701,02-08-2024,Tier3,55+,organic
2702,03-04-2025,Tier1,25-34,organic
2703,13-06-2024,Tier2,45-54,referral
2704,28-08-2024,Tier2,35-44,referral
2705,06-11-2024,Tier2,25-34,organic
2706,01-04-2024,Tier1,18-24,paid_ads
2707,09-02-2025,Tier2,,organic
2708,28-09-2024,Tier1,18-24,organic
2709,02-08-2024,Tier2,55+,referral
2710,18-01-2025,Tier3,25-34,paid_ads
2711,31-10-2024,Tier1,25-34,paid_ads
2712,05-07-2024,Tier3,45-54,referral
2713,07-03-2025,Tier1,25-34,referral
2714,09-03-2025,Tier3,,organic
2715,14-05-2024,Tier1,35-44,paid_ads
2716,25-12-2024,Tier2,,organic
2717,02-10-2024,Tier3,45-54,organic
2718,05-05-2024,Tier2,35-44,organic
2719,02-08-2025,Tier2,25-34,paid_ads
2720,26-12-2024,Tier2,55+,organic
2721,04-01-2025,Tier1,35-44,organic
2722,16-12-2024,Tier3,25-34,organic
2723,08-05-2025,Tier1,18-24,paid_ads
2724,16-12-2024,Tier1,18-24,referral
2725,09-01-2025,Tier1,25-34,organic
2726,11-04-2024,Tier2,35-44,referral
2727,17-10-2024,Tier2,25-34,paid_ads
2728,22-06-2025,Tier1,35-44,organic
2729,27-11-2024,Tier3,18-24,paid_ads
2730,23-04-2024,Tier1,25-34,referral
2731,20-02-2025,Tier2,18-24,referral
2732,16-10-2024,Tier1,,paid_ads
2733,09-10-2024,Tier3,,paid_ads
2734,08-08-2024,Tier3,18-24,organic
2735,18-04-2025,Tier1,18-24,organic
2736,09-04-2024,Tier3,25-34,referral
2737,30-09-2024,Tier3,55+,organic
2738,09-05-2025,Tier3,45-54,organic
2739,05-05-2024,Tier1,45-54,paid_ads
2740,24-09-2024,Tier3,45-54,referral
2741,02-08-2024,Tier2,25-34,referral
2742,11-04-2025,Tier1,35-44,organic
2743,03-03-2025,Tier1,55+,referral
2744,16-02-2025,Tier3,25-34,referral
2745,24-05-2024,Tier3,35-44,referral
2746,01-05-2025,Tier2,25-34,paid_ads
2747,23-01-2025,Tier1,18-24,organic
2748,12-04-2025,Tier2,35-44,referral
2749,23-04-2025,Tier1,25-34,paid_ads
2750,18-09-2024,Tier3,35-44,organic
2751,08-06-2024,Tier1,25-34,referral
2752,23-04-2024,Tier3,,referral
2753,28-09-2024,Tier2,35-44,paid_ads
2754,05-01-2025,Tier2,55+,paid_ads
2755,21-09-2024,Tier3,55+,referral
2756,22-05-2025,Tier1,25-34,paid_ads
2757,24-02-2025,Tier2,25-34,organic
2758,29-06-2024,Tier1,18-24,organic
2759,31-05-2025,Tier3,55+,referral
2760,04-05-2025,Tier2,45-54,paid_ads
2761,17-03-2025,Tier3,35-44,paid_ads
2762,24-11-2024,Tier3,25-34,organic
2763,23-03-2025,Tier1,,organic
2764,02-12-2024,,25-34,paid_ads
2765,18-02-2025,Tier3,35-44,organic
2766,03-07-2024,Tier1,45-54,paid_ads
2767,21-05-2025,Tier1,25-34,organic
2768,09-06-2024,,55+,organic
2769,03-05-2024,Tier1,25-34,organic
2770,02-04-2025,Tier2,45-54,organic
2771,03-05-2025,Tier2,35-44,organic
2772,28-07-2025,Tier2,35-44,paid_ads
2773,21-11-2024,Tier2,45-54,paid_ads
2774,19-04-2024,Tier1,25-34,referral
2775,29-08-2024,Tier3,55+,paid_ads
2776,13-07-2024,Tier3,25-34,referral
2777,23-04-2024,Tier1,25-34,paid_ads
2778,11-05-2025,Tier3,18-24,referral
2779,12-07-2024,Tier1,45-54,referral
2780,28-06-2025,Tier2,25-34,referral
2781,22-04-2024,Tier1,35-44,referral
2782,09-09-2024,Tier2,25-34,paid_ads
2783,22-07-2025,Tier3,25-34,referral
2784,06-09-2024,Tier3,18-24,referral
2785,20-12-2024,Tier3,55+,referral
2786,21-10-2024,Tier3,45-54,organic
2787,23-05-2025,Tier2,25-34,referral
2788,04-01-2025,Tier3,35-44,organic
2789,29-11-2024,Tier2,25-34,paid_ads
2790,08-08-2024,Tier1,35-44,referral
2791,19-04-2024,Tier2,45-54,paid_ads
2792,21-04-2025,Tier2,18-24,organic
2793,26-02-2025,Tier1,35-44,paid_ads
2794,07-07-2024,Tier3,35-44,paid_ads
2795,25-08-2024,Tier3,18-24,paid_ads
2796,30-09-2024,Tier3,35-44,paid_ads
2797,16-06-2025,Tier3,35-44,organic
2798,05-05-2025,Tier2,18-24,referral
2799,25-04-2024,Tier2,25-34,organic
2800,18-06-2025,Tier1,55+,referral
2801,02-03-2025,Tier2,45-54,referral
2802,17-09-2024,,18-24,referral
2803,18-08-2024,Tier1,35-44,organic
2804,03-06-2024,Tier1,18-24,paid_ads
2805,15-05-2025,Tier3,25-34,organic
2806,06-10-2024,Tier1,55+,referral
2807,10-11-2024,Tier2,55+,referral
2808,30-06-2025,Tier2,35-44,referral
2809,22-10-2024,Tier2,25-34,organic
2810,16-04-2025,Tier3,25-34,referral
2811,12-11-2024,Tier3,25-34,organic
2812,03-07-2025,Tier3,25-34,referral
2813,15-10-2024,Tier3,35-44,referral
2814,21-09-2024,Tier3,55+,organic
2815,05-07-2024,Tier1,25-34,paid_ads
2816,11-12-2024,Tier2,,referral
2817,21-03-2025,Tier3,18-24,paid_ads
2818,11-12-2024,Tier2,18-24,organic
2819,06-10-2024,Tier1,25-34,organic
2820,18-07-2025,Tier2,45-54,paid_ads
2821,14-05-2025,Tier1,18-24,paid_ads
2822,22-12-2024,Tier1,25-34,paid_ads
2823,15-08-2024,Tier3,25-34,referral
2824,16-05-2025,Tier3,18-24,organic
2825,13-05-2024,Tier1,18-24,referral
2826,08-04-2025,Tier1,18-24,referral
2827,04-11-2024,Tier1,18-24,paid_ads
2828,11-05-2024,Tier1,,organic
2829,07-11-2024,Tier3,45-54,paid_ads
2830,03-02-2025,Tier2,55+,referral
2831,27-05-2025,Tier2,,organic
2832,02-07-2024,Tier2,18-24,organic
2833,05-01-2025,Tier1,18-24,paid_ads
2834,29-08-2024,Tier2,35-44,organic
2835,12-09-2024,Tier1,25-34,paid_ads
2836,23-05-2024,Tier1,45-54,organic
2837,11-05-2024,Tier3,18-24,paid_ads
2838,15-09-2024,Tier3,18-24,organic
2839,05-03-2025,Tier2,18-24,referral
2840,30-08-2024,Tier3,35-44,referral
2841,04-09-2024,Tier1,25-34,referral
2842,15-11-2024,Tier3,55+,organic
2843,03-02-2025,Tier3,18-24,paid_ads
2844,03-04-2025,Tier1,25-34,paid_ads
2845,05-11-2024,Tier2,18-24,organic
2846,25-06-2024,Tier3,35-44,referral
2847,20-03-2025,Tier2,45-54,organic
2848,14-11-2024,Tier2,18-24,organic
2849,27-09-2024,Tier2,25-34,paid_ads
2850,15-11-2024,Tier2,25-34,organic
2851,22-04-2024,Tier1,25-34,paid_ads
2852,08-04-2025,Tier2,35-44,organic
2853,20-06-2025,Tier2,25-34,organic
2854,11-07-2025,Tier1,25-34,organic
2855,28-09-2024,Tier2,25-34,referral
2856,09-02-2025,Tier2,25-34,paid_ads
2857,09-11-2024,Tier1,35-44,organic
2858,19-08-2024,Tier1,35-44,organic
2859,22-02-2025,Tier2,25-34,paid_ads
2860,11-05-2025,Tier3,45-54,paid_ads
2861,30-07-2025,Tier2,25-34,organic
2862,30-04-2024,Tier3,25-34,paid_ads
2863,09-05-2024,Tier3,35-44,organic
2864,10-03-2025,Tier1,18-24,paid_ads
2865,21-02-2025,Tier2,45-54,paid_ads
2866,25-10-2024,Tier1,25-34,referral
2867,04-10-2024,Tier1,35-44,organic
2868,19-12-2024,Tier3,18-24,organic
2869,16-05-2025,Tier2,18-24,referral
2870,19-04-2025,Tier3,45-54,referral
2871,14-03-2025,Tier2,35-44,paid_ads
2872,21-06-2024,Tier2,25-34,organic
2873,01-08-2025,Tier1,25-34,paid_ads
2874,16-04-2024,Tier3,25-34,referral
2875,13-06-2024,Tier1,55+,organic
2876,09-06-2025,Tier3,25-34,referral
2877,06-02-2025,Tier3,18-24,paid_ads
2878,14-03-2025,Tier2,35-44,organic
2879,06-05-2025,Tier1,35-44,referral
2880,11-11-2024,Tier1,45-54,referral
2881,18-04-2024,Tier1,18-24,organic
2882,04-06-2024,Tier3,45-54,organic
2883,05-05-2024,Tier3,18-24,paid_ads
2884,30-07-2024,Tier1,45-54,organic
2885,04-05-2025,Tier2,35-44,referral
2886,25-02-2025,Tier1,25-34,paid_ads
2887,05-10-2024,,55+,referral
2888,03-10-2024,Tier3,35-44,organic
2889,14-10-2024,Tier2,35-44,referral
2890,31-07-2025,Tier2,45-54,organic
2891,16-01-2025,Tier2,25-34,paid_ads
2892,17-04-2024,Tier1,25-34,organic
2893,04-02-2025,Tier2,25-34,organic
2894,18-06-2024,Tier1,18-24,referral
2895,14-03-2025,Tier3,45-54,paid_ads
2896,17-11-2024,Tier1,35-44,paid_ads
2897,30-07-2025,Tier3,18-24,referral
2898,07-10-2024,Tier2,45-54,referral
2899,08-10-2024,Tier2,45-54,paid_ads
2900,14-11-2024,Tier1,35-44,organic
2901,26-04-2025,Tier3,45-54,paid_ads
2902,10-05-2024,Tier3,18-24,organic
2903,19-01-2025,Tier1,18-24,paid_ads
2904,10-06-2024,Tier3,45-54,organic
2905,28-12-2024,Tier1,18-24,paid_ads
2906,05-10-2024,Tier2,18-24,organic
2907,21-10-2024,Tier1,25-34,referral
2908,08-09-2024,Tier2,55+,paid_ads
2909,27-02-2025,Tier3,25-34,referral
2910,21-08-2024,Tier2,25-34,paid_ads
2911,06-08-2024,Tier3,35-44,organic
2912,29-05-2024,Tier1,25-34,organic
2913,14-04-2024,Tier2,35-44,organic
2914,12-04-2025,Tier1,35-44,paid_ads
2915,05-07-2024,Tier3,,organic
2916,12-12-2024,Tier3,45-54,referral
2917,22-12-2024,Tier1,45-54,referral
2918,16-10-2024,Tier1,18-24,referral
2919,12-07-2025,Tier3,18-24,organic
2920,13-01-2025,,18-24,referral
2921,31-05-2024,Tier1,25-34,referral
2922,13-08-2024,Tier2,35-44,organic
2923,02-05-2025,,35-44,organic
2924,12-08-2024,Tier3,25-34,organic
2925,27-03-2025,Tier3,18-24,paid_ads
2926,15-11-2024,Tier1,,organic
2927,19-07-2024,Tier2,55+,paid_ads
2928,08-02-2025,Tier2,18-24,paid_ads
2929,25-08-2024,Tier2,25-34,organic
2930,22-03-2025,Tier2,25-34,organic
2931,14-07-2025,Tier3,35-44,referral
2932,08-12-2024,Tier2,35-44,organic
2933,12-07-2024,Tier1,18-24,referral
2934,02-06-2024,Tier2,35-44,organic
2935,09-06-2024,Tier2,25-34,paid_ads
2936,11-06-2025,Tier2,55+,organic
2937,08-05-2024,,18-24,organic
2938,18-11-2024,Tier1,,referral
2939,28-06-2024,Tier1,25-34,referral
2940,05-07-2025,Tier2,25-34,paid_ads
2941,01-04-2025,Tier1,18-24,paid_ads
2942,14-11-2024,Tier2,18-24,organic
2943,15-05-2024,Tier1,18-24,organic
2944,20-05-2025,Tier1,25-34,paid_ads
2945,16-03-2025,Tier1,35-44,paid_ads
2946,07-06-2025,Tier2,35-44,referral
2947,11-09-2024,Tier3,35-44,paid_ads
2948,08-03-2025,Tier2,18-24,paid_ads
2949,25-09-2024,Tier1,45-54,referral
2950,30-03-2025,Tier2,25-34,organic
2951,04-05-2024,Tier2,55+,organic
2952,07-01-2025,Tier1,18-24,referral
2953,03-01-2025,Tier1,55+,paid_ads
2954,27-08-2024,Tier1,25-34,organic
2955,01-07-2025,Tier1,25-34,paid_ads
2956,01-09-2024,Tier3,45-54,organic
2957,10-06-2025,Tier1,55+,organic
2958,20-06-2024,Tier1,45-54,referral
2959,31-03-2025,Tier3,18-24,referral
2960,30-03-2025,Tier3,18-24,organic
2961,19-07-2025,Tier2,,paid_ads
2962,25-03-2025,Tier1,45-54,paid_ads
2963,21-02-2025,Tier3,45-54,organic
2964,29-06-2024,Tier2,18-24,referral
2965,12-05-2025,Tier2,45-54,referral
2966,03-10-2024,Tier1,55+,paid_ads
2967,17-12-2024,Tier1,18-24,organic
2968,24-07-2024,,25-34,paid_ads
2969,02-06-2024,Tier2,55+,paid_ads
2970,12-07-2024,Tier1,45-54,referral
2971,11-05-2025,Tier1,18-24,organic
2972,11-06-2024,Tier1,25-34,organic
2973,31-07-2024,Tier2,18-24,paid_ads
2974,10-05-2025,Tier1,25-34,organic
2975,09-12-2024,Tier3,18-24,referral
2976,14-04-2024,Tier3,25-34,referral
2977,02-10-2024,Tier3,25-34,paid_ads
2978,09-01-2025,Tier1,35-44,paid_ads
2979,19-01-2025,Tier3,55+,paid_ads
2980,06-10-2024,Tier3,45-54,organic
2981,26-11-2024,,55+,organic
2982,17-05-2025,Tier3,18-24,organic
2983,08-01-2025,Tier1,35-44,referral
2984,06-06-2024,Tier1,18-24,organic
2985,08-02-2025,Tier1,25-34,organic
2986,27-06-2025,Tier1,45-54,organic
2987,15-05-2024,Tier3,,organic
2988,04-05-2024,Tier3,18-24,paid_ads
2989,06-09-2024,Tier2,45-54,paid_ads
2990,21-10-2024,Tier3,55+,paid_ads
2991,03-04-2025,Tier3,18-24,organic
2992,04-04-2025,Tier2,18-24,paid_ads
2993,02-12-2024,Tier3,25-34,organic
2994,26-12-2024,Tier2,45-54,organic
2995,28-10-2024,Tier3,25-34,referral
2996,29-04-2025,Tier1,18-24,referral
2997,27-10-2024,Tier2,18-24,organic
2998,27-05-2025,Tier3,18-24,organic
2999,20-01-2025,Tier1,18-24,paid_ads
3000,08-05-2024,Tier1,25-34,paid_ads
